Player,FantPos,Age,GamesPlayed,GamesStarted,PassCmp,PassAtt,PassYds,PassTD,PassInt,RushAtt,RushYds,RushYdsPerAtt,RushTD,Targets,Receptions,RecYds,RecYdsPerReception,RecTD,Fumbles,FumblesLost,TotalTD,TwoPtConvMade,TwoPtConvPassing,FantasyPts,FantasyPtsPPR,FantasyPtsDraftKings,FantasyPtsFanDuel,VBD,PosRank,OverallRank,Year,SelectedToProBowl,FirstTeamAllPro,Team_3TM,Team_ARI,Team_ATL,Team_BAL,Team_BUF,Team_CAR,Team_CHI,Team_CIN,Team_CLE,Team_DAL,Team_DEN,Team_DET,Team_GNB,Team_HOU,Team_IND,Team_JAX,Team_KAN,Team_LAC,Team_LAR,Team_LVR,Team_MIA,Team_MIN,Team_NOR,Team_NWE,Team_NYG,Team_NYJ,Team_PHI,Team_PIT,Team_SEA,Team_SFO,Team_TAM,Team_TEN,Team_WAS
Kyle Juszczyk,FB,33,17,15,0.0,0.0,0.0,0.0,0.0,5.0,26.0,5.2,1.0,31.0,19.0,200.0,10.53,2.0,1.0,1.0,3,,,39.0,57.6,61.6,48.1,,68,,2024,1,0,False,False,False,False,False,False,False,False,False,False,False,False,False,False,False,False,False,False,False,False,False,False,False,False,False,False,False,False,False,True,False,False,False
Michael Burton,FB,32,17,2,0.0,0.0,0.0,0.0,0.0,7.0,8.0,1.14,1.0,10.0,10.0,65.0,6.5,1.0,0.0,0.0,2,,,19.0,29.3,29.3,24.3,,93,,2024,0,0,False,False,False,False,False,False,False,False,False,False,True,False,False,False,False,False,False,False,False,False,False,False,False,False,False,False,False,False,False,False,False,False,False
Alec Ingold,FB,28,15,10,0.0,0.0,0.0,0.0,0.0,10.0,17.0,1.7,1.0,12.0,11.0,96.0,8.73,0.0,2.0,1.0,1,,,15.0,26.3,27.3,20.8,,98,,2024,0,0,False,False,False,False,False,False,False,False,False,False,False,False,False,False,False,False,False,False,False,False,True,False,False,False,False,False,False,False,False,False,False,False,False
Patrick Ricard,FB,30,17,6,0.0,0.0,0.0,0.0,0.0,0.0,0.0,,0.0,5.0,3.0,22.0,7.33,1.0,0.0,0.0,2,,,14.0,17.2,17.2,15.7,,100,,2024,1,1,False,False,False,True,False,False,False,False,False,False,False,False,False,False,False,False,False,False,False,False,False,False,False,False,False,False,False,False,False,False,False,False,False
C.J. Ham,FB,31,17,3,0.0,0.0,0.0,0.0,0.0,2.0,10.0,5.0,1.0,6.0,5.0,35.0,7.0,0.0,1.0,1.0,1,,,9.0,13.5,14.5,11.0,,107,,2024,0,0,False,False,False,False,False,False,False,False,False,False,False,False,False,False,False,False,False,False,False,False,False,True,False,False,False,False,False,False,False,False,False,False,False
Reggie Gilliam,FB,27,15,0,0.0,0.0,0.0,0.0,0.0,3.0,7.0,2.33,0.0,0.0,0.0,0.0,,0.0,0.0,0.0,0,,,1.0,0.7,0.7,0.7,,135,,2024,0,0,False,False,False,False,True,False,False,False,False,False,False,False,False,False,False,False,False,False,False,False,False,False,False,False,False,False,False,False,False,False,False,False,False
Troy Hairston,FB,26,2,0,0.0,0.0,0.0,0.0,0.0,0.0,0.0,,0.0,0.0,0.0,0.0,,0.0,0.0,0.0,0,,,0.0,0.0,0.0,0.0,,142,,2024,0,0,False,False,False,False,False,False,False,False,False,False,False,False,False,True,False,False,False,False,False,False,False,False,False,False,False,False,False,False,False,False,False,False,False
Jakob Johnson,FB,30,3,1,0.0,0.0,0.0,0.0,0.0,0.0,0.0,,0.0,0.0,0.0,0.0,,0.0,0.0,0.0,0,,,0.0,0.0,0.0,0.0,,145,,2024,0,0,False,False,False,False,False,False,False,False,False,False,False,False,False,False,False,False,False,False,False,False,False,False,False,False,True,False,False,False,False,False,False,False,False
Adam Prentice,FB,27,17,7,0.0,0.0,0.0,0.0,0.0,0.0,0.0,,0.0,4.0,0.0,0.0,,0.0,0.0,0.0,0,,,0.0,0.0,0.0,0.0,,150,,2024,0,0,False,False,False,False,False,False,False,False,False,False,False,False,False,False,False,False,False,False,False,False,False,False,True,False,False,False,False,False,False,False,False,False,False
Saquon Barkley,RB,27,16,16,0.0,0.0,0.0,0.0,0.0,345.0,2005.0,5.81,13.0,43.0,33.0,278.0,8.42,2.0,2.0,1.0,15,3.0,,322.0,355.3,362.3,338.8,163.0,1,1.0,2024,1,1,False,False,False,False,False,False,False,False,False,False,False,False,False,False,False,False,False,False,False,False,False,False,False,False,False,False,True,False,False,False,False,False,False
Derrick Henry,RB,30,17,17,0.0,0.0,0.0,0.0,0.0,325.0,1921.0,5.91,16.0,22.0,19.0,193.0,10.16,2.0,3.0,1.0,18,,,317.0,336.4,343.4,326.9,159.0,2,2.0,2024,1,0,False,False,False,True,False,False,False,False,False,False,False,False,False,False,False,False,False,False,False,False,False,False,False,False,False,False,False,False,False,False,False,False,False
Jahmyr Gibbs,RB,22,17,4,0.0,0.0,0.0,0.0,0.0,250.0,1412.0,5.65,16.0,63.0,52.0,517.0,9.94,4.0,1.0,1.0,20,,,311.0,362.9,369.9,336.9,153.0,3,3.0,2024,1,0,False,False,False,False,False,False,False,False,False,False,False,True,False,False,False,False,False,False,False,False,False,False,False,False,False,False,False,False,False,False,False,False,False
Bijan Robinson,RB,22,17,17,0.0,0.0,0.0,0.0,0.0,304.0,1456.0,4.79,14.0,72.0,61.0,431.0,7.07,1.0,1.0,0.0,15,1.0,,281.0,341.7,347.7,311.2,124.0,4,6.0,2024,1,0,False,False,True,False,False,False,False,False,False,False,False,False,False,False,False,False,False,False,False,False,False,False,False,False,False,False,False,False,False,False,False,False,False
Josh Jacobs,RB,26,17,17,0.0,0.0,0.0,0.0,0.0,301.0,1329.0,4.42,15.0,43.0,36.0,342.0,9.5,1.0,4.0,3.0,16,,,257.0,293.1,302.1,275.1,102.0,5,7.0,2024,1,0,False,False,False,False,False,False,False,False,False,False,False,False,True,False,False,False,False,False,False,False,False,False,False,False,False,False,False,False,False,False,False,False,False
Kyren Williams,RB,24,16,16,0.0,0.0,0.0,0.0,0.0,316.0,1299.0,4.11,14.0,40.0,34.0,182.0,5.35,2.0,5.0,3.0,16,,,238.0,272.1,281.1,255.1,84.0,6,10.0,2024,0,0,False,False,False,False,False,False,False,False,False,False,False,False,False,False,False,False,False,False,True,False,False,False,False,False,False,False,False,False,False,False,False,False,False
James Cook,RB,25,16,16,0.0,0.0,0.0,0.0,0.0,207.0,1009.0,4.87,16.0,38.0,32.0,258.0,8.06,2.0,1.0,0.0,18,,,235.0,266.7,272.7,250.7,81.0,7,11.0,2024,1,0,False,False,False,False,True,False,False,False,False,False,False,False,False,False,False,False,False,False,False,False,False,False,False,False,False,False,False,False,False,False,False,False,False
Jonathan Taylor,RB,25,14,13,0.0,0.0,0.0,0.0,0.0,303.0,1431.0,4.72,11.0,31.0,18.0,136.0,7.56,1.0,4.0,1.0,12,,,227.0,244.7,251.7,235.7,74.0,8,14.0,2024,1,0,False,False,False,False,False,False,False,False,False,False,False,False,False,False,True,False,False,False,False,False,False,False,False,False,False,False,False,False,False,False,False,False,False
De'Von Achane,RB,23,17,16,0.0,0.0,0.0,0.0,0.0,203.0,907.0,4.47,6.0,87.0,78.0,592.0,7.59,6.0,1.0,0.0,12,,,222.0,299.9,305.9,260.9,69.0,9,17.0,2024,0,0,False,False,False,False,False,False,False,False,False,False,False,False,False,False,False,False,False,False,False,False,True,False,False,False,False,False,False,False,False,False,False,False,False
James Conner,RB,29,16,16,0.0,0.0,0.0,0.0,0.0,236.0,1094.0,4.64,8.0,55.0,47.0,414.0,8.81,1.0,4.0,1.0,9,2.0,,207.0,253.8,260.8,230.3,55.0,10,21.0,2024,0,0,False,True,False,False,False,False,False,False,False,False,False,False,False,False,False,False,False,False,False,False,False,False,False,False,False,False,False,False,False,False,False,False,False
Joe Mixon,RB,28,14,14,0.0,1.0,0.0,0.0,0.0,245.0,1016.0,4.15,11.0,52.0,36.0,309.0,8.58,1.0,0.0,0.0,12,,,205.0,240.5,246.5,222.5,53.0,11,22.0,2024,1,0,False,False,False,False,False,False,False,False,False,False,False,False,False,True,False,False,False,False,False,False,False,False,False,False,False,False,False,False,False,False,False,False,False
Chase Brown,RB,24,16,10,0.0,0.0,0.0,0.0,0.0,229.0,990.0,4.32,7.0,65.0,54.0,360.0,6.67,4.0,2.0,1.0,11,1.0,,201.0,255.0,262.0,228.0,49.0,12,25.0,2024,0,0,False,False,False,False,False,False,False,True,False,False,False,False,False,False,False,False,False,False,False,False,False,False,False,False,False,False,False,False,False,False,False,False,False
Chuba Hubbard,RB,25,15,15,0.0,0.0,0.0,0.0,0.0,250.0,1195.0,4.78,10.0,54.0,43.0,171.0,3.98,1.0,4.0,3.0,11,1.0,,199.0,241.6,250.6,220.1,47.0,13,27.0,2024,0,0,False,False,False,False,False,True,False,False,False,False,False,False,False,False,False,False,False,False,False,False,False,False,False,False,False,False,False,False,False,False,False,False,False
Bucky Irving,RB,22,17,3,0.0,0.0,0.0,0.0,0.0,207.0,1122.0,5.42,8.0,52.0,47.0,392.0,8.34,0.0,2.0,1.0,8,,,197.0,244.4,251.4,220.9,46.0,14,30.0,2024,0,0,False,False,False,False,False,False,False,False,False,False,False,False,False,False,False,False,False,False,False,False,False,False,False,False,False,False,False,False,False,False,True,False,False
Alvin Kamara,RB,29,14,14,0.0,0.0,0.0,0.0,0.0,228.0,950.0,4.17,6.0,89.0,68.0,543.0,7.99,2.0,1.0,0.0,8,,,197.0,265.3,271.3,231.3,46.0,15,31.0,2024,0,0,False,False,False,False,False,False,False,False,False,False,False,False,False,False,False,False,False,False,False,False,False,False,True,False,False,False,False,False,False,False,False,False,False
Aaron Jones,RB,30,17,17,0.0,0.0,0.0,0.0,0.0,255.0,1138.0,4.46,5.0,62.0,51.0,408.0,8.0,2.0,5.0,3.0,7,,,191.0,241.6,250.6,216.1,40.0,16,32.0,2024,0,0,False,False,False,False,False,False,False,False,False,False,False,False,False,False,False,False,False,False,False,False,False,True,False,False,False,False,False,False,False,False,False,False,False
David Montgomery,RB,27,14,14,1.0,1.0,3.0,1.0,0.0,185.0,775.0,4.19,12.0,38.0,36.0,341.0,9.47,0.0,2.0,1.0,12,,,186.0,221.7,228.7,203.7,35.0,17,34.0,2024,0,0,False,False,False,False,False,False,False,False,False,False,False,True,False,False,False,False,False,False,False,False,False,False,False,False,False,False,False,False,False,False,False,False,False
Breece Hall,RB,23,16,16,0.0,0.0,0.0,0.0,0.0,209.0,876.0,4.19,5.0,76.0,57.0,483.0,8.47,3.0,6.0,2.0,8,2.0,,184.0,240.9,248.9,212.4,33.0,18,36.0,2024,0,0,False,False,False,False,False,False,False,False,False,False,False,False,False,False,False,False,False,False,False,False,False,False,False,False,False,True,False,False,False,False,False,False,False
D'Andre Swift,RB,25,17,17,0.0,0.0,0.0,0.0,0.0,253.0,959.0,3.79,6.0,52.0,42.0,386.0,9.19,0.0,2.0,0.0,6,1.0,,173.0,214.5,220.5,193.5,22.0,19,49.0,2024,0,0,False,False,False,False,False,False,True,False,False,False,False,False,False,False,False,False,False,False,False,False,False,False,False,False,False,False,False,False,False,False,False,False,False
Najee Harris,RB,26,17,17,0.0,0.0,0.0,0.0,0.0,263.0,1043.0,3.97,6.0,48.0,36.0,283.0,7.86,0.0,0.0,0.0,6,,,169.0,204.6,210.6,186.6,19.0,20,53.0,2024,0,0,False,False,False,False,False,False,False,False,False,False,False,False,False,False,False,False,False,False,False,False,False,False,False,False,False,False,False,True,False,False,False,False,False
J.K. Dobbins,RB,26,13,11,0.0,0.0,0.0,0.0,0.0,195.0,905.0,4.64,9.0,38.0,32.0,153.0,4.78,0.0,0.0,0.0,9,,,160.0,191.8,197.8,175.8,11.0,21,62.0,2024,0,0,False,False,False,False,False,False,False,False,False,False,False,False,False,False,False,False,False,True,False,False,False,False,False,False,False,False,False,False,False,False,False,False,False
Tony Pollard,RB,27,16,16,0.0,0.0,0.0,0.0,0.0,260.0,1079.0,4.15,5.0,57.0,41.0,238.0,5.8,0.0,2.0,2.0,5,1.0,,160.0,200.7,208.7,180.2,10.0,22,63.0,2024,0,0,False,False,False,False,False,False,False,False,False,False,False,False,False,False,False,False,False,False,False,False,False,False,False,False,False,False,False,False,False,False,False,True,False
Rico Dowdle,RB,26,16,15,0.0,0.0,0.0,0.0,0.0,235.0,1079.0,4.59,2.0,49.0,39.0,249.0,6.38,3.0,3.0,2.0,5,,,159.0,197.8,205.8,178.3,10.0,23,64.0,2024,0,0,False,False,False,False,False,False,False,False,False,True,False,False,False,False,False,False,False,False,False,False,False,False,False,False,False,False,False,False,False,False,False,False,False
Rachaad White,RB,25,16,15,0.0,0.0,0.0,0.0,0.0,144.0,613.0,4.26,3.0,57.0,51.0,393.0,7.71,6.0,3.0,3.0,9,,,149.0,199.6,208.6,174.1,,24,,2024,0,0,False,False,False,False,False,False,False,False,False,False,False,False,False,False,False,False,False,False,False,False,False,False,False,False,False,False,False,False,False,False,True,False,False
Zach Charbonnet,RB,23,17,6,0.0,0.0,0.0,0.0,0.0,135.0,569.0,4.21,8.0,52.0,42.0,340.0,8.1,1.0,0.0,0.0,9,,,145.0,186.9,192.9,165.9,,25,,2024,0,0,False,False,False,False,False,False,False,False,False,False,False,False,False,False,False,False,False,False,False,False,False,False,False,False,False,False,False,False,True,False,False,False,False
Tyrone Tracy Jr.,RB,25,17,12,0.0,0.0,0.0,0.0,0.0,192.0,839.0,4.37,5.0,53.0,38.0,284.0,7.47,1.0,5.0,2.0,6,,,144.0,182.3,190.3,163.3,,26,,2024,0,0,False,False,False,False,False,False,False,False,False,False,False,False,False,False,False,False,False,False,False,False,False,False,False,False,True,False,False,False,False,False,False,False,False
Rhamondre Stevenson,RB,26,15,14,0.0,0.0,0.0,0.0,0.0,207.0,801.0,3.87,7.0,41.0,33.0,168.0,5.09,1.0,7.0,3.0,8,2.0,,143.0,175.9,184.9,159.4,,27,,2024,0,0,False,False,False,False,False,False,False,False,False,False,False,False,False,False,False,False,False,False,False,False,False,False,False,True,False,False,False,False,False,False,False,False,False
Brian Robinson Jr.,RB,25,14,13,0.0,0.0,0.0,0.0,0.0,187.0,799.0,4.27,8.0,25.0,20.0,159.0,7.95,0.0,2.0,2.0,8,,,140.0,159.8,167.8,149.8,,28,,2024,0,0,False,False,False,False,False,False,False,False,False,False,False,False,False,False,False,False,False,False,False,False,False,False,False,False,False,False,False,False,False,False,False,False,True
Kenneth Walker III,RB,24,11,11,0.0,0.0,0.0,0.0,0.0,153.0,573.0,3.75,7.0,53.0,46.0,299.0,6.5,1.0,1.0,0.0,8,,,135.0,181.2,187.2,158.2,,29,,2024,0,0,False,False,False,False,False,False,False,False,False,False,False,False,False,False,False,False,False,False,False,False,False,False,False,False,False,False,False,False,True,False,False,False,False
Kareem Hunt,RB,29,13,8,0.0,0.0,0.0,0.0,0.0,200.0,728.0,3.64,7.0,32.0,23.0,176.0,7.65,0.0,0.0,0.0,7,,,132.0,155.4,161.4,143.9,,30,,2024,0,0,False,False,False,False,False,False,False,False,False,False,False,False,False,False,False,False,True,False,False,False,False,False,False,False,False,False,False,False,False,False,False,False,False
Tank Bigsby,RB,23,16,1,0.0,0.0,0.0,0.0,0.0,168.0,766.0,4.56,7.0,12.0,7.0,54.0,7.71,0.0,4.0,1.0,7,,,122.0,129.0,133.0,125.5,,31,,2024,0,0,False,False,False,False,False,False,False,False,False,False,False,False,False,False,False,True,False,False,False,False,False,False,False,False,False,False,False,False,False,False,False,False,False
Javonte Williams,RB,24,17,11,0.0,0.0,0.0,0.0,0.0,139.0,513.0,3.69,4.0,70.0,52.0,346.0,6.65,0.0,2.0,2.0,4,,,106.0,157.9,165.9,131.9,,32,,2024,0,0,False,False,False,False,False,False,False,False,False,False,True,False,False,False,False,False,False,False,False,False,False,False,False,False,False,False,False,False,False,False,False,False,False
Jordan Mason,RB,25,12,6,0.0,0.0,0.0,0.0,0.0,153.0,789.0,5.16,3.0,14.0,11.0,91.0,8.27,0.0,3.0,1.0,3,,,104.0,115.0,119.0,109.5,,33,,2024,0,0,False,False,False,False,False,False,False,False,False,False,False,False,False,False,False,False,False,False,False,False,False,False,False,False,False,False,False,False,False,True,False,False,False
Alexander Mattison,RB,26,14,7,0.0,0.0,0.0,0.0,0.0,132.0,420.0,3.18,4.0,48.0,36.0,294.0,8.17,1.0,1.0,1.0,5,1.0,,101.0,137.4,144.4,119.4,,34,,2024,0,0,False,False,False,False,False,False,False,False,False,False,False,False,False,False,False,False,False,False,False,True,False,False,False,False,False,False,False,False,False,False,False,False,False
Ray Davis,RB,25,17,0,0.0,0.0,0.0,0.0,0.0,113.0,442.0,3.91,3.0,19.0,17.0,189.0,11.12,3.0,0.0,0.0,6,,,99.0,116.1,122.1,107.6,,35,,2024,0,0,False,False,False,False,True,False,False,False,False,False,False,False,False,False,False,False,False,False,False,False,False,False,False,False,False,False,False,False,False,False,False,False,False
Austin Ekeler,RB,29,12,6,0.0,0.0,0.0,0.0,0.0,77.0,367.0,4.77,4.0,41.0,35.0,366.0,10.46,0.0,3.0,0.0,4,,,97.0,132.3,138.3,114.8,,36,,2024,0,0,False,False,False,False,False,False,False,False,False,False,False,False,False,False,False,False,False,False,False,False,False,False,False,False,False,False,False,False,False,False,False,False,True
Jerome Ford,RB,25,14,6,0.0,0.0,0.0,0.0,0.0,104.0,565.0,5.43,3.0,43.0,37.0,225.0,6.08,0.0,0.0,0.0,3,,,97.0,134.0,140.0,115.5,,37,,2024,0,0,False,False,False,False,False,False,False,False,True,False,False,False,False,False,False,False,False,False,False,False,False,False,False,False,False,False,False,False,False,False,False,False,False
Tyler Allgeier,RB,24,17,0,0.0,0.0,0.0,0.0,0.0,137.0,644.0,4.7,3.0,13.0,13.0,88.0,6.77,0.0,0.0,0.0,3,1.0,,93.0,106.2,109.2,99.7,,38,,2024,0,0,False,False,True,False,False,False,False,False,False,False,False,False,False,False,False,False,False,False,False,False,False,False,False,False,False,False,False,False,False,False,False,False,False
Travis Etienne,RB,25,15,15,0.0,0.0,0.0,0.0,0.0,150.0,558.0,3.72,2.0,52.0,39.0,254.0,6.51,0.0,1.0,1.0,2,,,91.0,130.2,137.2,110.7,,39,,2024,0,0,False,False,False,False,False,False,False,False,False,False,False,False,False,False,False,True,False,False,False,False,False,False,False,False,False,False,False,False,False,False,False,False,False
Jaylen Warren,RB,26,15,0,0.0,0.0,0.0,0.0,0.0,120.0,511.0,4.26,1.0,47.0,38.0,310.0,8.16,0.0,2.0,1.0,1,,,86.0,124.1,131.1,105.1,,40,,2024,0,0,False,False,False,False,False,False,False,False,False,False,False,False,False,False,False,False,False,False,False,False,False,False,False,False,False,False,False,True,False,False,False,False,False
Ameer Abdullah,RB,31,16,3,0.0,0.0,0.0,0.0,0.0,66.0,311.0,4.71,2.0,47.0,40.0,261.0,6.53,3.0,2.0,1.0,5,,,85.0,125.2,132.2,105.2,,41,,2024,0,0,False,False,False,False,False,False,False,False,False,False,False,False,False,False,False,False,False,False,False,True,False,False,False,False,False,False,False,False,False,False,False,False,False
Justice Hill,RB,27,15,0,0.0,0.0,0.0,0.0,0.0,47.0,228.0,4.85,1.0,51.0,42.0,383.0,9.12,3.0,0.0,0.0,4,,,85.0,127.1,133.1,106.1,,42,,2024,0,0,False,False,False,True,False,False,False,False,False,False,False,False,False,False,False,False,False,False,False,False,False,False,False,False,False,False,False,False,False,False,False,False,False
Emanuel Wilson,RB,25,17,0,0.0,0.0,0.0,0.0,0.0,103.0,502.0,4.87,4.0,14.0,11.0,48.0,4.36,1.0,0.0,0.0,5,,,85.0,96.0,99.0,90.5,,43,,2024,0,0,False,False,False,False,False,False,False,False,False,False,False,False,True,False,False,False,False,False,False,False,False,False,False,False,False,False,False,False,False,False,False,False,False
Tyjae Spears,RB,23,12,1,0.0,0.0,0.0,0.0,0.0,84.0,312.0,3.71,4.0,35.0,30.0,224.0,7.47,1.0,1.0,0.0,5,,,84.0,113.6,119.6,98.6,,44,,2024,0,0,False,False,False,False,False,False,False,False,False,False,False,False,False,False,False,False,False,False,False,False,False,False,False,False,False,False,False,False,False,False,False,True,False
Antonio Gibson,RB,26,17,3,0.0,0.0,0.0,0.0,0.0,120.0,538.0,4.48,1.0,29.0,23.0,206.0,8.96,0.0,2.0,0.0,1,,,80.0,103.4,109.4,91.9,,45,,2024,0,0,False,False,False,False,False,False,False,False,False,False,False,False,False,False,False,False,False,False,False,False,False,False,False,True,False,False,False,False,False,False,False,False,False
Cam Akers,RB,25,17,2,0.0,0.0,0.0,0.0,0.0,104.0,444.0,4.27,2.0,18.0,14.0,68.0,4.86,3.0,1.0,1.0,5,,,79.0,93.2,97.2,86.2,,46,,2024,0,0,False,False,False,False,False,False,False,False,False,False,False,False,False,False,False,False,False,False,False,False,False,False,False,False,False,False,False,False,False,False,False,False,False
Isaac Guerendo,RB,24,16,3,0.0,0.0,0.0,0.0,0.0,84.0,420.0,5.0,4.0,16.0,15.0,152.0,10.13,0.0,3.0,1.0,4,,,79.0,94.2,101.2,86.7,,47,,2024,0,0,False,False,False,False,False,False,False,False,False,False,False,False,False,False,False,False,False,False,False,False,False,False,False,False,False,False,False,False,False,True,False,False,False
Devin Singletary,RB,27,15,5,0.0,0.0,0.0,0.0,0.0,113.0,437.0,3.87,4.0,24.0,21.0,119.0,5.67,0.0,2.0,2.0,4,,,76.0,96.6,104.6,86.1,,48,,2024,0,0,False,False,False,False,False,False,False,False,False,False,False,False,False,False,False,False,False,False,False,False,False,False,False,False,True,False,False,False,False,False,False,False,False
Ty Johnson,RB,27,17,1,0.0,0.0,0.0,0.0,0.0,41.0,213.0,5.2,1.0,25.0,18.0,284.0,15.78,3.0,0.0,0.0,4,,,74.0,91.7,97.7,82.7,,49,,2024,0,0,False,False,False,False,True,False,False,False,False,False,False,False,False,False,False,False,False,False,False,False,False,False,False,False,False,False,False,False,False,False,False,False,False
Jaleel McLaughlin,RB,24,16,5,0.0,0.0,0.0,0.0,0.0,113.0,496.0,4.39,1.0,27.0,24.0,76.0,3.17,2.0,1.0,1.0,3,,,73.0,97.2,101.2,85.2,,50,,2024,0,0,False,False,False,False,False,False,False,False,False,False,True,False,False,False,False,False,False,False,False,False,False,False,False,False,False,False,False,False,False,False,False,False,False
Braelon Allen,RB,20,17,2,0.0,0.0,0.0,0.0,0.0,92.0,334.0,3.63,2.0,27.0,19.0,148.0,7.79,1.0,0.0,0.0,3,,,66.0,85.2,91.2,75.7,,51,,2024,0,0,False,False,False,False,False,False,False,False,False,False,False,False,False,False,False,False,False,False,False,False,False,False,False,False,False,True,False,False,False,False,False,False,False
Gus Edwards,RB,29,11,6,0.0,0.0,0.0,0.0,0.0,101.0,365.0,3.61,4.0,5.0,3.0,6.0,2.0,0.0,0.0,0.0,4,,,61.0,64.1,67.1,62.6,,53,,2024,0,0,False,False,False,False,False,False,False,False,False,False,False,False,False,False,False,False,False,True,False,False,False,False,False,False,False,False,False,False,False,False,False,False,False
Roschon Johnson,RB,23,14,0,0.0,0.0,0.0,0.0,0.0,55.0,150.0,2.73,6.0,20.0,16.0,104.0,6.5,0.0,0.0,0.0,6,,,61.0,77.4,83.4,69.4,,52,,2024,0,0,False,False,False,False,False,False,True,False,False,False,False,False,False,False,False,False,False,False,False,False,False,False,False,False,False,False,False,False,False,False,False,False,False
Sean Tucker,RB,23,17,0,0.0,0.0,0.0,0.0,0.0,50.0,308.0,6.16,2.0,12.0,9.0,109.0,12.11,1.0,1.0,0.0,3,,,60.0,68.7,74.7,64.2,,54,,2024,0,0,False,False,False,False,False,False,False,False,False,False,False,False,False,False,False,False,False,False,False,False,False,False,False,False,False,False,False,False,False,False,True,False,False
Zack Moss,RB,27,8,6,0.0,0.0,0.0,0.0,0.0,74.0,242.0,3.27,2.0,27.0,23.0,187.0,8.13,1.0,2.0,1.0,3,,,59.0,81.9,88.9,70.4,,55,,2024,0,0,False,False,False,False,False,False,False,True,False,False,False,False,False,False,False,False,False,False,False,False,False,False,False,False,False,False,False,False,False,False,False,False,False
Nick Chubb,RB,29,8,8,0.0,0.0,0.0,0.0,0.0,102.0,332.0,3.25,3.0,11.0,5.0,31.0,6.2,1.0,1.0,1.0,4,,,58.0,63.3,67.3,60.8,,56,,2024,0,0,False,False,False,False,False,False,False,False,True,False,False,False,False,False,False,False,False,False,False,False,False,False,False,False,False,False,False,False,False,False,False,False,False
Jeremy McNichols,RB,29,17,1,0.0,0.0,0.0,0.0,0.0,55.0,261.0,4.75,4.0,12.0,9.0,27.0,3.0,0.0,0.0,0.0,4,1.0,,55.0,63.8,66.8,59.3,,57,,2024,0,0,False,False,False,False,False,False,False,False,False,False,False,False,False,False,False,False,False,False,False,False,False,False,False,False,False,False,False,False,False,False,False,False,True
Samaje Perine,RB,29,17,0,0.0,0.0,0.0,0.0,0.0,20.0,92.0,4.6,1.0,35.0,28.0,322.0,11.5,1.0,0.0,0.0,2,,,53.0,81.4,84.4,67.4,,58,,2024,0,0,False,False,False,False,False,False,False,False,False,False,False,False,False,False,False,False,True,False,False,False,False,False,False,False,False,False,False,False,False,False,False,False,False
Miles Sanders,RB,27,11,2,0.0,0.0,0.0,0.0,0.0,55.0,205.0,3.73,2.0,30.0,24.0,148.0,6.17,1.0,1.0,0.0,3,,,53.0,77.3,83.3,65.3,,59,,2024,0,0,False,False,False,False,False,True,False,False,False,False,False,False,False,False,False,False,False,False,False,False,False,False,False,False,False,False,False,False,False,False,False,False,False
Raheem Mostert,RB,32,13,1,0.0,0.0,0.0,0.0,0.0,85.0,278.0,3.27,2.0,23.0,19.0,161.0,8.47,0.0,2.0,2.0,2,,,52.0,70.9,78.9,61.4,,60,,2024,0,0,False,False,False,False,False,False,False,False,False,False,False,False,False,False,False,False,False,False,False,False,True,False,False,False,False,False,False,False,False,False,False,False,False
Kenneth Gainwell,RB,25,17,1,0.0,0.0,0.0,0.0,0.0,75.0,290.0,3.87,1.0,22.0,16.0,116.0,7.25,0.0,0.0,0.0,1,,,47.0,62.6,68.6,54.6,,61,,2024,0,0,False,False,False,False,False,False,False,False,False,False,False,False,False,False,False,False,False,False,False,False,False,False,False,False,False,False,True,False,False,False,False,False,False
Ezekiel Elliott,RB,29,15,2,0.0,0.0,0.0,0.0,0.0,74.0,226.0,3.05,3.0,15.0,12.0,69.0,5.75,0.0,1.0,1.0,3,,,46.0,57.5,61.5,51.5,,62,,2024,0,0,False,False,False,False,False,False,False,False,False,True,False,False,False,False,False,False,False,False,False,False,False,False,False,False,False,False,False,False,False,False,False,False,False
Isiah Pacheco,RB,25,7,6,0.0,0.0,0.0,0.0,0.0,83.0,310.0,3.73,1.0,16.0,12.0,79.0,6.58,0.0,0.0,0.0,1,,,45.0,56.9,59.9,50.9,,63,,2024,0,0,False,False,False,False,False,False,False,False,False,False,False,False,False,False,False,False,True,False,False,False,False,False,False,False,False,False,False,False,False,False,False,False,False
Audric Estime,RB,21,13,1,0.0,0.0,0.0,0.0,0.0,76.0,310.0,4.08,2.0,5.0,5.0,27.0,5.4,0.0,2.0,1.0,2,,,44.0,48.7,52.7,46.2,,64,,2024,0,0,False,False,False,False,False,False,False,False,False,False,True,False,False,False,False,False,False,False,False,False,False,False,False,False,False,False,False,False,False,False,False,False,False
Dameon Pierce,RB,24,11,0,0.0,0.0,0.0,0.0,0.0,40.0,293.0,7.33,2.0,4.0,2.0,2.0,1.0,0.0,1.0,0.0,2,,,42.0,43.5,46.5,42.5,,65,,2024,0,0,False,False,False,False,False,False,False,False,False,False,False,False,False,True,False,False,False,False,False,False,False,False,False,False,False,False,False,False,False,False,False,False,False
Trey Benson,RB,21,13,1,0.0,0.0,0.0,0.0,0.0,63.0,291.0,4.62,1.0,6.0,6.0,59.0,9.83,0.0,1.0,0.0,1,,,41.0,47.0,50.0,44.0,,66,,2024,0,0,False,True,False,False,False,False,False,False,False,False,False,False,False,False,False,False,False,False,False,False,False,False,False,False,False,False,False,False,False,False,False,False,False
Emari Demercado,RB,25,13,0,0.0,0.0,0.0,0.0,0.0,24.0,223.0,9.29,1.0,20.0,16.0,104.0,6.5,0.0,0.0,0.0,1,,,39.0,54.7,60.7,46.7,,67,,2024,0,0,False,True,False,False,False,False,False,False,False,False,False,False,False,False,False,False,False,False,False,False,False,False,False,False,False,False,False,False,False,False,False,False,False
Trey Sermon,RB,25,17,3,0.0,0.0,0.0,0.0,0.0,56.0,159.0,2.84,2.0,19.0,16.0,99.0,6.19,0.0,0.0,0.0,2,,,38.0,53.8,56.8,45.8,,69,,2024,0,0,False,False,False,False,False,False,False,False,False,False,False,False,False,False,True,False,False,False,False,False,False,False,False,False,False,False,False,False,False,False,False,False,False
Isaiah Davis,RB,22,17,0,0.0,0.0,0.0,0.0,0.0,30.0,174.0,5.8,1.0,12.0,9.0,75.0,8.33,1.0,0.0,0.0,2,,,37.0,45.9,48.9,41.4,,71,,2024,0,0,False,False,False,False,False,False,False,False,False,False,False,False,False,False,False,False,False,False,False,False,False,False,False,False,False,True,False,False,False,False,False,False,False
Dare Ogunbowale,RB,30,17,1,0.0,0.0,0.0,0.0,0.0,30.0,112.0,3.73,0.0,28.0,19.0,198.0,10.42,1.0,0.0,0.0,1,,,37.0,56.0,62.0,46.5,,70,,2024,0,0,False,False,False,False,False,False,False,False,False,False,False,False,False,True,False,False,False,False,False,False,False,False,False,False,False,False,False,False,False,False,False,False,False
Tyler Goodson,RB,24,16,0,0.0,0.0,0.0,0.0,0.0,32.0,153.0,4.78,1.0,15.0,11.0,61.0,5.55,1.0,0.0,0.0,2,,,33.0,44.4,47.4,38.9,,72,,2024,0,0,False,False,False,False,False,False,False,False,False,False,False,False,False,False,True,False,False,False,False,False,False,False,False,False,False,False,False,False,False,False,False,False,False
Christian McCaffrey,RB,28,4,4,0.0,0.0,0.0,0.0,0.0,50.0,202.0,4.04,0.0,19.0,15.0,146.0,9.73,0.0,1.0,1.0,0,,,33.0,47.8,54.8,40.3,,73,,2024,0,0,False,False,False,False,False,False,False,False,False,False,False,False,False,False,False,False,False,False,False,False,False,False,False,False,False,False,False,False,False,True,False,False,False
Chris Brooks,RB,24,15,0,0.0,0.0,0.0,0.0,0.0,36.0,183.0,5.08,1.0,13.0,11.0,69.0,6.27,0.0,0.0,0.0,1,,,31.0,42.2,45.2,36.7,,74,,2024,0,0,False,False,False,False,False,False,False,False,False,False,False,False,True,False,False,False,False,False,False,False,False,False,False,False,False,False,False,False,False,False,False,False,False
Chris Rodriguez,RB,24,9,0,0.0,0.0,0.0,0.0,0.0,35.0,173.0,4.94,2.0,1.0,1.0,12.0,12.0,0.0,0.0,0.0,2,,,31.0,31.5,34.5,31.0,,75,,2024,0,0,False,False,False,False,False,False,False,False,False,False,False,False,False,False,False,False,False,False,False,False,False,False,False,False,False,False,False,False,False,False,False,False,True
Hassan Haskins,RB,25,17,0,0.0,0.0,0.0,0.0,0.0,34.0,89.0,2.62,2.0,3.0,3.0,49.0,16.33,1.0,1.0,1.0,3,,,30.0,32.8,33.8,31.3,,76,,2024,0,0,False,False,False,False,False,False,False,False,False,False,False,False,False,False,False,False,False,True,False,False,False,False,False,False,False,False,False,False,False,False,False,False,False
Kimani Vidal,RB,23,10,0,0.0,0.0,0.0,0.0,0.0,43.0,155.0,3.6,0.0,9.0,5.0,62.0,12.4,1.0,1.0,0.0,1,,,28.0,32.7,35.7,30.2,,78,,2024,0,0,False,False,False,False,False,False,False,False,False,False,False,False,False,False,False,False,False,True,False,False,False,False,False,False,False,False,False,False,False,False,False,False,False
Jamaal Williams,RB,29,14,1,0.0,0.0,0.0,0.0,0.0,48.0,164.0,3.42,1.0,11.0,9.0,57.0,6.33,0.0,0.0,0.0,1,,,28.0,37.1,40.1,32.6,,77,,2024,0,0,False,False,False,False,False,False,False,False,False,False,False,False,False,False,False,False,False,False,False,False,False,False,True,False,False,False,False,False,False,False,False,False,False
Blake Corum,RB,24,17,1,0.0,0.0,0.0,0.0,0.0,58.0,207.0,3.57,0.0,8.0,7.0,58.0,8.29,0.0,0.0,0.0,0,,,27.0,33.5,36.5,30.0,,81,,2024,0,0,False,False,False,False,False,False,False,False,False,False,False,False,False,False,False,False,False,False,True,False,False,False,False,False,False,False,False,False,False,False,False,False,False
D'Onta Foreman,RB,28,11,3,0.0,0.0,0.0,0.0,0.0,71.0,232.0,3.27,0.0,8.0,6.0,54.0,9.0,0.0,2.0,1.0,0,,,27.0,32.6,36.6,29.6,,80,,2024,0,0,False,False,False,False,False,False,False,False,True,False,False,False,False,False,False,False,False,False,False,False,False,False,False,False,False,False,False,False,False,False,False,False,False
Patrick Taylor,RB,26,13,1,0.0,0.0,0.0,0.0,0.0,39.0,183.0,4.69,1.0,11.0,3.0,25.0,8.33,0.0,0.0,0.0,1,,,27.0,29.8,32.8,28.3,,79,,2024,0,0,False,False,False,False,False,False,False,False,False,False,False,False,False,False,False,False,False,False,False,False,False,False,False,False,False,False,False,False,False,True,False,False,False
Cordarrelle Patterson,RB,33,13,1,0.0,0.0,0.0,0.0,0.0,32.0,135.0,4.22,0.0,14.0,12.0,80.0,6.67,1.0,1.0,1.0,1,,,26.0,37.5,41.5,31.5,,82,,2024,0,0,False,False,False,False,False,False,False,False,False,False,False,False,False,False,False,False,False,False,False,False,False,False,False,False,False,False,False,True,False,False,False,False,False
Michael Carter,RB,25,3,1,0.0,0.0,0.0,0.0,0.0,35.0,131.0,3.74,1.0,11.0,11.0,57.0,5.18,0.0,0.0,0.0,1,,,25.0,35.8,38.8,30.3,,83,,2024,0,0,False,True,False,False,False,False,False,False,False,False,False,False,False,False,False,False,False,False,False,False,False,False,False,False,False,False,False,False,False,False,False,False,False
D'Ernest Johnson,RB,28,14,1,0.0,0.0,0.0,0.0,0.0,32.0,143.0,4.47,0.0,19.0,12.0,96.0,8.0,0.0,0.0,0.0,0,,,24.0,35.9,38.9,29.9,,85,,2024,0,0,False,False,False,False,False,False,False,False,False,False,False,False,False,False,False,True,False,False,False,False,False,False,False,False,False,False,False,False,False,False,False,False,False
Kendre Miller,RB,22,6,2,0.0,0.0,0.0,0.0,0.0,39.0,148.0,3.79,1.0,8.0,5.0,33.0,6.6,0.0,0.0,0.0,1,,,24.0,29.1,32.1,26.6,,84,,2024,0,0,False,False,False,False,False,False,False,False,False,False,False,False,False,False,False,False,False,False,False,False,False,False,True,False,False,False,False,False,False,False,False,False,False
Jaylen Wright,RB,21,15,1,0.0,0.0,0.0,0.0,0.0,68.0,249.0,3.66,0.0,6.0,3.0,8.0,2.67,0.0,1.0,1.0,0,,,24.0,26.7,30.7,25.2,,86,,2024,0,0,False,False,False,False,False,False,False,False,False,False,False,False,False,False,False,False,False,False,False,False,True,False,False,False,False,False,False,False,False,False,False,False,False
Zamir White,RB,25,8,5,0.0,0.0,0.0,0.0,0.0,65.0,183.0,2.82,1.0,8.0,6.0,30.0,5.0,0.0,2.0,2.0,1,,,23.0,29.3,34.3,26.3,,87,,2024,0,0,False,False,False,False,False,False,False,False,False,False,False,False,False,False,False,False,False,False,False,True,False,False,False,False,False,False,False,False,False,False,False,False,False
Ty Chandler,RB,26,17,0,0.0,0.0,0.0,0.0,0.0,56.0,182.0,3.25,0.0,6.0,6.0,42.0,7.0,0.0,0.0,0.0,0,,,22.0,28.4,31.4,25.4,,88,,2024,0,0,False,False,False,False,False,False,False,False,False,False,False,False,False,False,False,False,False,False,False,False,False,True,False,False,False,False,False,False,False,False,False,False,False
Khalil Herbert,RB,26,14,1,0.0,0.0,0.0,0.0,0.0,36.0,130.0,3.61,1.0,11.0,10.0,25.0,2.5,0.0,1.0,0.0,1,,,22.0,31.5,34.5,26.5,,89,,2024,0,0,False,False,False,False,False,False,False,False,False,False,False,False,False,False,False,False,False,False,False,False,False,False,False,False,False,False,False,False,False,False,False,False,False
Sincere McCormick,RB,24,5,2,0.0,0.0,0.0,0.0,0.0,39.0,183.0,4.69,0.0,7.0,6.0,29.0,4.83,0.0,0.0,0.0,0,,,21.0,27.2,30.2,24.2,,90,,2024,0,0,False,False,False,False,False,False,False,False,False,False,False,False,False,False,False,False,False,False,False,True,False,False,False,False,False,False,False,False,False,False,False,False,False
Pierre Strong,RB,26,14,0,0.0,0.0,0.0,0.0,0.0,26.0,108.0,4.15,0.0,22.0,14.0,104.0,7.43,0.0,0.0,0.0,0,,,21.0,35.2,41.2,28.2,,91,,2024,0,0,False,False,False,False,False,False,False,False,True,False,False,False,False,False,False,False,False,False,False,False,False,False,False,False,False,False,False,False,False,False,False,False,False
Jamycal Hasty,RB,28,15,0,0.0,0.0,0.0,0.0,0.0,20.0,69.0,3.45,0.0,12.0,10.0,59.0,5.9,1.0,0.0,0.0,1,,,19.0,28.8,28.8,23.8,,94,,2024,0,0,False,False,False,False,False,False,False,False,False,False,False,False,False,False,False,False,False,False,False,False,False,False,False,True,False,False,False,False,False,False,False,False,False
Kenny McIntosh,RB,24,17,0,0.0,0.0,0.0,0.0,0.0,31.0,172.0,5.55,0.0,4.0,3.0,22.0,7.33,0.0,0.0,0.0,0,,,19.0,22.4,25.4,20.9,,92,,2024,0,0,False,False,False,False,False,False,False,False,False,False,False,False,False,False,False,False,False,False,False,False,False,False,False,False,False,False,False,False,True,False,False,False,False
DeeJay Dallas,RB,26,17,0,0.0,0.0,0.0,0.0,0.0,9.0,49.0,5.44,0.0,3.0,3.0,11.0,3.67,1.0,1.0,0.0,2,,,18.0,21.0,21.0,19.5,,95,,2024,0,0,False,True,False,False,False,False,False,False,False,False,False,False,False,False,False,False,False,False,False,False,False,False,False,False,False,False,False,False,False,False,False,False,False
Craig Reynolds,RB,28,17,0,0.0,0.0,0.0,0.0,0.0,31.0,139.0,4.48,0.0,5.0,3.0,40.0,13.33,0.0,1.0,0.0,0,,,18.0,20.9,23.9,19.4,,96,,2024,0,0,False,False,False,False,False,False,False,False,False,False,False,True,False,False,False,False,False,False,False,False,False,False,False,False,False,False,False,False,False,False,False,False,False
Carson Steele,RB,22,17,3,0.0,0.0,0.0,0.0,0.0,56.0,183.0,3.27,0.0,11.0,7.0,26.0,3.71,0.0,3.0,2.0,0,,,17.0,23.9,28.9,20.4,,97,,2024,0,0,False,False,False,False,False,False,False,False,False,False,False,False,False,False,False,False,True,False,False,False,False,False,False,False,False,False,False,False,False,False,False,False,False
Hunter Luepke,RB,24,16,4,0.0,0.0,0.0,0.0,0.0,12.0,38.0,3.17,0.0,16.0,12.0,111.0,9.25,0.0,0.0,0.0,0,,,15.0,26.9,29.9,20.9,,99,,2024,0,0,False,False,False,False,False,False,False,False,False,True,False,False,False,False,False,False,False,False,False,False,False,False,False,False,False,False,False,False,False,False,False,False,False
Jordan Mims,RB,25,11,0,0.0,0.0,0.0,0.0,0.0,20.0,70.0,3.5,0.0,18.0,12.0,71.0,5.92,0.0,0.0,0.0,0,,,14.0,26.1,26.1,20.1,,101,,2024,0,0,False,False,False,False,False,False,False,False,False,False,False,False,False,False,False,False,False,False,False,False,False,False,True,False,False,False,False,False,False,False,False,False,False
Ronnie Rivers,RB,25,17,0,0.0,0.0,0.0,0.0,0.0,22.0,99.0,4.5,0.0,6.0,5.0,34.0,6.8,0.0,0.0,0.0,0,,,13.0,18.3,18.3,15.8,,102,,2024,0,0,False,False,False,False,False,False,False,False,False,False,False,False,False,False,False,False,False,False,True,False,False,False,False,False,False,False,False,False,False,False,False,False,False
Tony Jones,RB,27,1,0,0.0,0.0,0.0,0.0,0.0,4.0,55.0,13.75,1.0,0.0,0.0,0.0,,0.0,0.0,0.0,1,,,12.0,11.5,11.5,11.5,,104,,2024,0,0,False,True,False,False,False,False,False,False,False,False,False,False,False,False,False,False,False,False,False,False,False,False,False,False,False,False,False,False,False,False,False,False,False
Will Shipley,RB,22,16,1,0.0,0.0,0.0,0.0,0.0,30.0,82.0,2.73,0.0,4.0,4.0,35.0,8.75,0.0,0.0,0.0,0,,,12.0,15.7,15.7,13.7,,103,,2024,0,0,False,False,False,False,False,False,False,False,False,False,False,False,False,False,False,False,False,False,False,False,False,False,False,False,False,False,True,False,False,False,False,False,False
Julius Chestnut,RB,24,17,0,0.0,0.0,0.0,0.0,0.0,22.0,102.0,4.64,0.0,3.0,2.0,11.0,5.5,0.0,0.0,0.0,0,,,11.0,13.3,16.3,12.3,,105,,2024,0,0,False,False,False,False,False,False,False,False,False,False,False,False,False,False,False,False,False,False,False,False,False,False,False,False,False,False,False,False,False,False,False,True,False
Deuce Vaughn,RB,23,7,0,0.0,0.0,0.0,0.0,0.0,17.0,70.0,4.12,0.0,5.0,3.0,18.0,6.0,0.0,0.0,0.0,0,,,9.0,11.8,11.8,10.3,,106,,2024,0,0,False,False,False,False,False,False,False,False,False,True,False,False,False,False,False,False,False,False,False,False,False,False,False,False,False,False,False,False,False,False,False,False,False
Raheem Blackshear,RB,25,16,1,0.0,0.0,0.0,0.0,0.0,15.0,80.0,5.33,0.0,0.0,0.0,0.0,,0.0,2.0,0.0,0,,,8.0,8.0,8.0,8.0,,108,,2024,0,0,False,False,False,False,False,True,False,False,False,False,False,False,False,False,False,False,False,False,False,False,False,False,False,False,False,False,False,False,False,False,False,False,False
Jeff Wilson,RB,29,9,0,0.0,0.0,0.0,0.0,0.0,16.0,57.0,3.56,0.0,3.0,3.0,19.0,6.33,0.0,0.0,0.0,0,,,8.0,10.6,10.6,9.1,,109,,2024,0,0,False,False,False,False,False,False,False,False,False,False,False,False,False,False,False,False,False,False,False,False,True,False,False,False,False,False,False,False,False,False,False,False,False
Clyde Edwards-Helaire,RB,25,2,0,0.0,0.0,0.0,0.0,0.0,13.0,46.0,3.54,0.0,5.0,3.0,24.0,8.0,0.0,0.0,0.0,0,,,7.0,10.0,10.0,8.5,,111,,2024,0,0,False,False,False,False,False,False,False,False,False,False,False,False,False,False,False,False,False,False,False,False,False,False,True,False,False,False,False,False,False,False,False,False,False
Eric Gray,RB,25,17,0,0.0,0.0,0.0,0.0,0.0,14.0,31.0,2.21,0.0,11.0,10.0,82.0,8.2,0.0,3.0,2.0,0,,,7.0,17.3,19.3,12.3,,110,,2024,0,0,False,False,False,False,False,False,False,False,False,False,False,False,False,False,False,False,False,False,False,False,False,False,False,False,True,False,False,False,False,False,False,False,False
Tyler Badie,RB,24,3,0,0.0,0.0,0.0,0.0,0.0,11.0,86.0,7.82,0.0,3.0,3.0,-2.0,-0.67,0.0,1.0,1.0,0,,,6.0,9.4,10.4,7.9,,112,,2024,0,0,False,False,False,False,False,False,False,False,False,False,True,False,False,False,False,False,False,False,False,False,False,False,False,False,False,False,False,False,False,False,False,False,False
Keaton Mitchell,RB,22,5,0,0.0,0.0,0.0,0.0,0.0,15.0,30.0,2.0,0.0,1.0,1.0,28.0,28.0,0.0,0.0,0.0,0,,,6.0,6.8,6.8,6.3,,114,,2024,0,0,False,False,False,True,False,False,False,False,False,False,False,False,False,False,False,False,False,False,False,False,False,False,False,False,False,False,False,False,False,False,False,False,False
Kene Nwangwu,RB,26,2,0,0.0,0.0,0.0,0.0,0.0,0.0,0.0,,0.0,0.0,0.0,0.0,,0.0,0.0,0.0,1,,,6.0,6.0,6.0,6.0,,113,,2024,0,0,False,False,False,False,False,False,False,False,False,False,False,False,False,False,False,False,False,False,False,False,False,False,False,False,False,True,False,False,False,False,False,False,False
Mike Boone,RB,29,6,0,0.0,0.0,0.0,0.0,0.0,13.0,51.0,3.92,0.0,3.0,1.0,-2.0,-2.0,0.0,0.0,0.0,0,,,5.0,5.9,5.9,5.4,,116,,2024,0,0,False,False,False,False,False,True,False,False,False,False,False,False,False,False,False,False,False,False,False,False,False,False,False,False,False,False,False,False,False,False,False,False,False
Jonathon Brooks,RB,21,3,1,0.0,0.0,0.0,0.0,0.0,9.0,22.0,2.44,0.0,3.0,3.0,23.0,7.67,0.0,0.0,0.0,0,,,5.0,7.5,7.5,6.0,,117,,2024,0,0,False,False,False,False,False,True,False,False,False,False,False,False,False,False,False,False,False,False,False,False,False,False,False,False,False,False,False,False,False,False,False,False,False
Sione Vaki,RB,23,16,0,0.0,0.0,0.0,0.0,0.0,6.0,14.0,2.33,0.0,3.0,3.0,37.0,12.33,0.0,0.0,0.0,0,,,5.0,8.1,8.1,6.6,,115,,2024,0,0,False,False,False,False,False,False,False,False,False,False,False,True,False,False,False,False,False,False,False,False,False,False,False,False,False,False,False,False,False,False,False,False,False
Jacob Kibodi,RB,26,1,0,0.0,0.0,0.0,0.0,0.0,5.0,24.0,4.8,0.0,3.0,1.0,15.0,15.0,0.0,0.0,0.0,0,,,4.0,4.9,4.9,4.4,,119,,2024,0,0,False,False,False,False,False,False,False,False,True,False,False,False,False,False,False,False,False,False,False,False,False,False,False,False,False,False,False,False,False,False,False,False,False
J.J. Taylor,RB,26,5,0,0.0,0.0,0.0,0.0,0.0,10.0,44.0,4.4,0.0,3.0,2.0,0.0,0.0,0.0,0.0,0.0,0,,,4.0,6.4,6.4,5.4,,118,,2024,0,0,False,False,False,False,False,False,False,False,False,False,False,False,False,True,False,False,False,False,False,False,False,False,False,False,False,False,False,False,False,False,False,False,False
Rasheen Ali,RB,23,6,0,0.0,0.0,0.0,0.0,0.0,10.0,31.0,3.1,0.0,2.0,0.0,0.0,,0.0,0.0,0.0,0,,,3.0,3.1,3.1,3.1,,124,,2024,0,0,False,False,False,True,False,False,False,False,False,False,False,False,False,False,False,False,False,False,False,False,False,False,False,False,False,False,False,False,False,False,False,False,False
Dalvin Cook,RB,29,2,0,0.0,0.0,0.0,0.0,0.0,8.0,20.0,2.5,0.0,1.0,1.0,10.0,10.0,0.0,0.0,0.0,0,,,3.0,4.0,4.0,3.5,,125,,2024,0,0,False,False,False,False,False,False,False,False,False,True,False,False,False,False,False,False,False,False,False,False,False,False,False,False,False,False,False,False,False,False,False,False,False
Travis Homer,RB,26,10,0,0.0,0.0,0.0,0.0,0.0,6.0,23.0,3.83,0.0,3.0,3.0,11.0,3.67,0.0,0.0,0.0,0,,,3.0,6.4,6.4,4.9,,120,,2024,0,0,False,False,False,False,False,False,True,False,False,False,False,False,False,False,False,False,False,False,False,False,False,False,False,False,False,False,False,False,False,False,False,False,False
Jermar Jefferson,RB,24,2,0,0.0,0.0,0.0,0.0,0.0,6.0,22.0,3.67,0.0,1.0,1.0,10.0,10.0,0.0,0.0,0.0,0,,,3.0,4.2,4.2,3.7,,122,,2024,0,0,False,False,False,False,False,False,False,False,False,False,False,True,False,False,False,False,False,False,False,False,False,False,False,False,False,False,False,False,False,False,False,False,False
Terrell Jennings,RB,23,3,0,0.0,0.0,0.0,0.0,0.0,13.0,33.0,2.54,0.0,1.0,0.0,0.0,,0.0,0.0,0.0,0,,,3.0,3.3,3.3,3.3,,121,,2024,0,0,False,False,False,False,False,False,False,False,False,False,False,False,False,False,False,False,False,False,False,False,False,False,False,True,False,False,False,False,False,False,False,False,False
Jase McClellan,RB,22,2,0,0.0,0.0,0.0,0.0,0.0,13.0,32.0,2.46,0.0,0.0,0.0,0.0,,0.0,0.0,0.0,0,,,3.0,3.2,3.2,3.2,,123,,2024,0,0,False,False,True,False,False,False,False,False,False,False,False,False,False,False,False,False,False,False,False,False,False,False,False,False,False,False,False,False,False,False,False,False,False
MarShawn Lloyd,RB,23,1,0,0.0,0.0,0.0,0.0,0.0,6.0,15.0,2.5,0.0,1.0,1.0,3.0,3.0,0.0,0.0,0.0,0,,,2.0,2.8,2.8,2.3,,128,,2024,0,0,False,False,False,False,False,False,False,False,False,False,False,False,True,False,False,False,False,False,False,False,False,False,False,False,False,False,False,False,False,False,False,False,False
Aaron Shampklin,RB,25,3,0,0.0,0.0,0.0,0.0,0.0,6.0,17.0,2.83,0.0,0.0,0.0,0.0,,0.0,0.0,0.0,0,,,2.0,1.7,1.7,1.7,,129,,2024,0,0,False,False,False,False,False,False,False,False,False,False,False,False,False,False,False,False,False,False,False,False,False,False,False,False,False,False,False,True,False,False,False,False,False
Jonathan Ward,RB,27,4,0,0.0,0.0,0.0,0.0,0.0,5.0,22.0,4.4,0.0,0.0,0.0,0.0,,0.0,0.0,0.0,0,,,2.0,2.2,2.2,2.2,,127,,2024,0,0,False,False,False,False,False,False,False,False,False,False,False,False,False,False,False,False,False,False,False,False,False,False,False,False,False,False,False,True,False,False,False,False,False
Blake Watson,RB,25,2,0,0.0,0.0,0.0,0.0,0.0,4.0,10.0,2.5,0.0,2.0,1.0,13.0,13.0,0.0,0.0,0.0,0,,,2.0,3.3,3.3,2.8,,126,,2024,0,0,False,False,False,False,False,False,False,False,False,False,True,False,False,False,False,False,False,False,False,False,False,False,False,False,False,False,False,False,False,False,False,False,False
Chris Collier,RB,24,8,0,0.0,0.0,0.0,0.0,0.0,5.0,12.0,2.4,0.0,2.0,1.0,-4.0,-4.0,0.0,0.0,0.0,0,,,1.0,1.8,1.8,1.3,,133,,2024,0,0,False,False,False,False,False,False,False,False,False,False,False,False,False,False,False,False,False,False,False,False,False,False,False,False,False,False,False,False,False,False,False,False,False
Tyrion Davis-Price,RB,24,1,0,0.0,0.0,0.0,0.0,0.0,3.0,7.0,2.33,0.0,0.0,0.0,0.0,,0.0,0.0,0.0,0,,,1.0,0.7,0.7,0.7,,134,,2024,0,0,False,False,False,False,False,False,False,False,False,False,False,False,False,False,False,False,False,False,False,False,False,False,False,False,False,False,True,False,False,False,False,False,False
Myles Gaskin,RB,27,5,0,0.0,0.0,0.0,0.0,0.0,3.0,-1.0,-0.33,0.0,1.0,1.0,11.0,11.0,0.0,0.0,0.0,0,,,1.0,2.0,2.0,1.5,,130,,2024,0,0,False,False,False,False,False,False,False,False,False,False,False,False,False,False,False,False,False,False,False,False,False,True,False,False,False,False,False,False,False,False,False,False,False
George Holani,RB,25,5,0,0.0,0.0,0.0,0.0,0.0,3.0,10.0,3.33,0.0,1.0,1.0,-1.0,-1.0,0.0,0.0,0.0,0,,,1.0,1.9,1.9,1.4,,131,,2024,0,0,False,False,False,False,False,False,False,False,False,False,False,False,False,False,False,False,False,False,False,False,False,False,False,False,False,False,False,False,True,False,False,False,False
Cody Schrader,RB,25,1,0,0.0,0.0,0.0,0.0,0.0,1.0,3.0,3.0,0.0,1.0,1.0,6.0,6.0,0.0,0.0,0.0,0,,,1.0,1.9,1.9,1.4,,132,,2024,0,0,False,False,False,False,False,False,False,False,False,False,False,False,False,False,False,False,False,False,True,False,False,False,False,False,False,False,False,False,False,False,False,False,False
Khari Blasingame,RB,28,5,0,0.0,0.0,0.0,0.0,0.0,0.0,0.0,,0.0,0.0,0.0,0.0,,0.0,0.0,0.0,0,,,0.0,0.0,0.0,0.0,,140,,2024,0,0,False,False,False,False,False,False,False,False,False,False,False,False,False,False,False,False,False,False,False,False,False,False,False,False,False,False,False,False,False,False,False,False,False
Gary Brightwell,RB,25,2,0,0.0,0.0,0.0,0.0,0.0,0.0,0.0,,0.0,0.0,0.0,0.0,,0.0,0.0,0.0,0,,,0.0,0.0,0.0,0.0,,141,,2024,0,0,False,False,False,False,False,False,False,False,True,False,False,False,False,False,False,False,False,False,False,False,False,False,False,False,False,False,False,False,False,False,False,False,False
British Brooks,RB,25,5,0,0.0,0.0,0.0,0.0,0.0,1.0,2.0,2.0,0.0,0.0,0.0,0.0,,0.0,0.0,0.0,0,,,0.0,0.2,0.2,0.2,,138,,2024,0,0,False,False,False,False,False,False,False,False,False,False,False,False,False,True,False,False,False,False,False,False,False,False,False,False,False,False,False,False,False,False,False,False,False
Darrynton Evans,RB,26,5,0,0.0,0.0,0.0,0.0,0.0,3.0,3.0,1.0,0.0,0.0,0.0,0.0,,0.0,0.0,0.0,0,,,0.0,0.3,0.3,0.3,,137,,2024,0,0,False,False,False,False,False,False,True,False,False,False,False,False,False,False,False,False,False,False,False,False,False,False,False,False,False,False,False,False,False,False,False,False,False
Evan Hull,RB,24,1,0,0.0,0.0,0.0,0.0,0.0,0.0,0.0,,0.0,0.0,0.0,0.0,,0.0,0.0,0.0,0,,,0.0,0.0,0.0,0.0,,143,,2024,0,0,False,False,False,False,False,False,False,False,False,False,False,False,False,False,True,False,False,False,False,False,False,False,False,False,False,False,False,False,False,False,False,False,False
Keaontay Ingram,RB,25,1,0,0.0,0.0,0.0,0.0,0.0,0.0,0.0,,0.0,0.0,0.0,0.0,,0.0,0.0,0.0,0,,,0.0,0.0,0.0,0.0,,144,,2024,0,0,False,False,False,False,False,False,False,False,False,False,False,False,False,False,False,False,True,False,False,False,False,False,False,False,False,False,False,False,False,False,False,False,False
John Kelly,RB,28,2,0,0.0,0.0,0.0,0.0,0.0,0.0,0.0,,0.0,0.0,0.0,0.0,,0.0,0.0,0.0,0,,,0.0,0.0,0.0,0.0,,146,,2024,0,0,False,False,False,True,False,False,False,False,False,False,False,False,False,False,False,False,False,False,False,False,False,False,False,False,False,False,False,False,False,False,False,False,False
Joshua Kelley,RB,27,3,0,0.0,0.0,0.0,0.0,0.0,1.0,2.0,2.0,0.0,0.0,0.0,0.0,,0.0,0.0,0.0,0,,,0.0,0.2,0.2,0.2,,139,,2024,0,0,False,False,False,False,False,False,False,False,False,False,False,False,False,False,False,False,False,False,False,False,False,False,False,False,False,False,False,False,False,False,False,True,False
Dante Miller,RB,25,2,0,0.0,0.0,0.0,0.0,0.0,0.0,0.0,,0.0,0.0,0.0,0.0,,0.0,0.0,0.0,0,,,0.0,0.0,0.0,0.0,,147,,2024,0,0,False,False,False,False,False,False,False,False,False,False,False,False,False,False,False,False,False,False,False,False,False,False,False,False,True,False,False,False,False,False,False,False,False
Kendall Milton,RB,22,2,0,0.0,0.0,0.0,0.0,0.0,0.0,0.0,,0.0,0.0,0.0,0.0,,0.0,0.0,0.0,0,,,0.0,0.0,0.0,0.0,,148,,2024,0,0,False,False,False,False,False,False,False,True,False,False,False,False,False,False,False,False,False,False,False,False,False,False,False,False,False,False,False,False,False,False,False,False,False
Jaret Patterson,RB,25,1,0,0.0,0.0,0.0,0.0,0.0,0.0,0.0,,0.0,0.0,0.0,0.0,,0.0,0.0,0.0,0,,,0.0,0.0,0.0,0.0,,149,,2024,0,0,False,False,False,False,False,False,False,False,False,False,False,False,False,False,False,False,False,True,False,False,False,False,False,False,False,False,False,False,False,False,False,False,False
Keilan Robinson,RB,24,6,0,0.0,0.0,0.0,0.0,0.0,0.0,0.0,,0.0,0.0,0.0,0.0,,0.0,0.0,0.0,0,,,0.0,0.0,0.0,0.0,,151,,2024,0,0,False,False,False,False,False,False,False,False,False,False,False,False,False,False,False,True,False,False,False,False,False,False,False,False,False,False,False,False,False,False,False,False,False
Ke'Shawn Vaughn,RB,27,3,0,0.0,0.0,0.0,0.0,0.0,2.0,4.0,2.0,0.0,0.0,0.0,0.0,,0.0,0.0,0.0,0,,,0.0,0.4,0.4,0.4,,136,,2024,0,0,False,False,False,False,False,False,False,False,False,False,False,False,False,False,False,False,False,False,False,False,False,False,False,False,False,False,False,False,False,True,False,False,False
Carlos Washington,RB,26,1,0,0.0,0.0,0.0,0.0,0.0,0.0,0.0,,0.0,0.0,0.0,0.0,,0.0,0.0,0.0,0,,,0.0,0.0,0.0,0.0,,152,,2024,0,0,False,False,True,False,False,False,False,False,False,False,False,False,False,False,False,False,False,False,False,False,False,False,False,False,False,False,False,False,False,False,False,False,False
Avery Williams,RB,26,17,0,0.0,0.0,0.0,0.0,0.0,0.0,0.0,,0.0,0.0,0.0,0.0,,0.0,0.0,0.0,0,,,0.0,0.0,0.0,0.0,,153,,2024,0,0,False,False,True,False,False,False,False,False,False,False,False,False,False,False,False,False,False,False,False,False,False,False,False,False,False,False,False,False,False,False,False,False,False
D.J. Williams,RB,24,1,0,0.0,0.0,0.0,0.0,0.0,0.0,0.0,,0.0,0.0,0.0,0.0,,0.0,0.0,0.0,0,,,0.0,0.0,0.0,0.0,,154,,2024,0,0,False,False,False,False,False,False,False,False,False,False,False,False,False,False,False,False,False,False,False,False,False,False,False,False,False,False,False,False,False,False,True,False,False
Trayveon Williams,RB,27,17,0,0.0,0.0,0.0,0.0,0.0,0.0,0.0,,0.0,0.0,0.0,0.0,,0.0,0.0,0.0,0,,,0.0,0.0,0.0,0.0,,155,,2024,0,0,False,False,False,False,False,False,False,True,False,False,False,False,False,False,False,False,False,False,False,False,False,False,False,False,False,False,False,False,False,False,False,False,False
Dylan Laube,RB,25,10,0,0.0,0.0,0.0,0.0,0.0,1.0,0.0,0.0,0.0,0.0,0.0,0.0,,0.0,1.0,1.0,0,,,-2.0,-2.0,-1.0,-2.0,,156,,2024,0,0,False,False,False,False,False,False,False,False,False,False,False,False,False,False,False,False,False,False,False,True,False,False,False,False,False,False,False,False,False,False,False,False,False
