Rk,Player,Team,FantPos,Age,GamesPlayed,GamesStarted,PassCmp,PassAtt,PassYds,PassTD,PassInt,RushAtt,RushYds,RushYdsPerAtt,RushTD,Targets,Receptions,RecYds,RecYdsPerReception,RecTD,Fumbles,FumblesLost,TotalTD,TwoPtConvMade,TwoPtConvPassing,FantasyPts,FantasyPtsPPR,FantasyPtsDraftKings,FantasyPtsFanDuel,VBD,PosRank,OverallRank,FirstTeamAllPro,SelectedToProBowl,Passing_Cmp_pass,Passing_Att_pass,Air Yards_IAY,Air Yards_IAY/PA,Air Yards_CAY,Air Yards_CAY/Cmp,Air Yards_CAY/PA,Air Yards_YAC,Air Yards_YAC/Cmp,Accuracy_Bats,Accuracy_ThAwy,Accuracy_Spikes,Accuracy_Drops,Accuracy_Drop%,Accuracy_BadTh,Accuracy_Bad%,Accuracy_OnTgt,Accuracy_OnTgt%,Pressure_PktTime,Pressure_Bltz,Pressure_Hrry,Pressure_Hits,Pressure_Prss,Pressure_Prss%,Pressure_Scrm,Pressure_Yds/Scr,RPO_Plays,RPO_Yds,RPO_PassAtt,RPO_PassYds,RPO_RushAtt,RPO_RushYds,PlayAction_PassAtt,PlayAction_PassYds,Rushing_Att_rush,Rushing_Yds_rush,Rushing_1D,Rushing_YBC,Rushing_YBC/Att,Rushing_YAC,Rushing_YAC/Att,Rushing_BrkTkl,Rushing_Att/Br,Receiving_Tgt_rec,Receiving_Rec_rec,Receiving_Yds_rec,Receiving_1D,Receiving_YBC,Receiving_YBC/R,Receiving_YAC,Receiving_YAC/R,Receiving_ADOT,Receiving_BrkTkl,Receiving_Rec/Br,Receiving_Drop,Receiving_Drop%,Receiving_Int,Receiving_Rat,Awards,Year
2,Cooper Kupp,LAR,WR,28,17,17,0,1,0,0,0,4,18,4.5,0,191,145,1947,13.43,16,0,0,16,1.0,,295.0,439.5,442.5,367.0,163.0,1,2.0,1.0,1.0,0.0,1.0,25.0,25.0,0.0,,0.0,0.0,,0.0,0.0,0.0,0.0,0.0,0.0,0.0,0.0,0.0,1.5,1.0,1.0,0.0,1.0,100.0,0.0,,0.0,0.0,0.0,0.0,0.0,0.0,0.0,0.0,4.0,18.0,1.0,13.0,3.3,5.0,1.3,0.0,,191.0,145.0,1947.0,89.0,1101.0,7.6,846.0,5.8,8.6,10.0,14.5,8.0,4.2,5.0,124.8,"PB,AP-1,AP MVP-3,AP OPoY-1",2021
3,Deebo Samuel,SFO,WR,25,16,15,1,2,24,1,0,59,365,6.19,8,121,77,1405,18.25,6,4,2,14,,,262.0,339.0,347.0,300.5,132.0,2,3.0,1.0,1.0,1.0,2.0,39.0,19.5,24.0,24.0,12.0,0.0,0.0,0.0,0.0,0.0,0.0,0.0,0.0,0.0,1.0,50.0,2.4,1.0,0.0,1.0,1.0,50.0,0.0,,7.0,91.0,0.0,0.0,7.0,91.0,0.0,0.0,59.0,365.0,21.0,181.0,3.1,184.0,3.1,9.0,6.6,121.0,77.0,1405.0,51.0,637.0,8.3,768.0,10.0,8.4,13.0,5.9,10.0,8.3,4.0,106.2,"PB,AP-1",2021
8,Ja'Marr Chase,CIN,WR,21,17,17,0,0,0,0,0,7,21,3.0,0,128,81,1455,17.96,13,2,1,13,,,224.0,304.6,308.6,264.1,96.0,3,8.0,,1.0,,,,,,,,,,,,,,,,,,,,,,,,,,,,,,,,,,,7.0,21.0,2.0,15.0,2.1,6.0,0.9,3.0,2.3,128.0,81.0,1455.0,56.0,804.0,9.9,651.0,8.0,12.6,8.0,10.1,11.0,8.6,6.0,116.5,"PB,AP-2,AP ORoY-1",2021
10,Justin Jefferson,MIN,WR,22,17,17,2,4,35,0,0,6,14,2.33,0,167,108,1616,14.96,10,1,1,10,,,222.0,330.4,334.4,276.4,95.0,4,10.0,,1.0,2.0,4.0,36.0,9.0,7.0,3.5,1.8,28.0,14.0,0.0,0.0,0.0,0.0,0.0,2.0,50.0,2.0,50.0,2.3,2.0,0.0,2.0,2.0,50.0,0.0,,0.0,0.0,0.0,0.0,0.0,0.0,2.0,11.0,6.0,14.0,1.0,5.0,0.8,9.0,1.5,0.0,,167.0,108.0,1616.0,75.0,1134.0,10.5,482.0,4.5,12.4,5.0,21.6,7.0,4.2,2.0,111.3,"PB,AP-2",2021
12,Davante Adams,GNB,WR,29,16,16,0,0,0,0,0,0,0,,0,169,123,1553,12.63,11,0,0,11,,,221.0,344.3,347.3,282.8,94.0,5,12.0,1.0,1.0,,,,,,,,,,,,,,,,,,,,,,,,,,,,,,,,,,,,,,,,,,,,169.0,123.0,1553.0,84.0,961.0,7.8,592.0,4.8,9.6,5.0,24.6,3.0,1.8,3.0,115.3,"PB,AP-1",2021
17,Mike Evans,TAM,WR,28,16,16,0,0,0,0,0,1,10,10.0,0,114,74,1035,13.99,14,0,0,14,,,189.0,262.5,265.5,225.5,63.0,6,17.0,,1.0,,,,,,,,,,,,,,,,,,,,,,,,,,,,,,,,,,,1.0,10.0,1.0,8.0,8.0,2.0,2.0,0.0,,114.0,74.0,1035.0,56.0,776.0,10.5,259.0,3.5,13.0,2.0,37.0,2.0,1.8,3.0,122.6,PB,2021
19,Tyreek Hill,KAN,WR,27,17,16,0,0,0,0,0,9,96,10.67,0,159,111,1239,11.16,9,2,1,9,,,186.0,296.5,300.5,241.0,60.0,7,19.0,,1.0,,,,,,,,,,,,,,,,,,,,,,,,,,,,,,,,,,,9.0,96.0,4.0,85.0,9.4,11.0,1.2,0.0,,159.0,111.0,1239.0,75.0,795.0,7.2,444.0,4.0,10.4,10.0,11.1,7.0,4.4,3.0,103.7,PB,2021
21,Stefon Diggs,BUF,WR,28,17,17,0,0,0,0,0,0,0,,0,164,103,1225,11.89,10,1,0,10,,,183.0,285.5,288.5,234.0,57.0,8,21.0,,1.0,,,,,,,,,,,,,,,,,,,,,,,,,,,,,,,,,,,,,,,,,,,,164.0,103.0,1225.0,66.0,899.0,8.7,326.0,3.2,11.1,7.0,14.7,5.0,3.0,6.0,90.6,PB,2021
25,Mike Williams,LAC,WR,27,16,14,0,0,0,0,0,0,0,,0,129,76,1146,15.08,9,0,0,9,1.0,,171.0,246.6,249.6,208.6,46.0,9,25.0,,,,,,,,,,,,,,,,,,,,,,,,,,,,,,,,,,,,,,,,,,,,,,129.0,76.0,1146.0,51.0,731.0,9.6,415.0,5.5,11.6,2.0,38.0,6.0,4.7,1.0,108.2,,2021
26,D.K. Metcalf,SEA,WR,24,17,17,0,0,0,0,0,1,6,6.0,0,129,75,967,12.89,12,1,0,12,,,169.0,244.3,247.3,206.8,45.0,10,26.0,,,,,,,,,,,,,,,,,,,,,,,,,,,,,,,,,,,,,1.0,6.0,0.0,4.0,4.0,2.0,2.0,0.0,,129.0,75.0,967.0,48.0,639.0,8.5,328.0,4.4,12.7,8.0,9.4,4.0,3.1,2.0,106.3,,2021
27,Tyler Lockett,SEA,WR,29,16,16,0,0,0,0,0,2,9,4.5,0,107,73,1175,16.1,8,0,0,8,1.0,,168.0,241.4,244.4,204.9,44.0,11,27.0,,,,,,,,,,,,,,,,,,,,,,,,,,,,,,,,,,,,,2.0,9.0,0.0,9.0,4.5,0.0,0.0,0.0,,107.0,73.0,1175.0,41.0,898.0,12.3,277.0,3.8,14.6,2.0,36.5,0.0,0.0,3.0,117.9,,2021
30,Diontae Johnson,PIT,WR,25,16,14,0,0,0,0,0,5,53,10.6,0,169,107,1161,10.85,8,2,2,8,1.0,,167.0,274.4,279.4,220.9,43.0,12,30.0,,1.0,,,,,,,,,,,,,,,,,,,,,,,,,,,,,,,,,,,5.0,53.0,2.0,35.0,7.0,18.0,3.6,0.0,,169.0,107.0,1161.0,59.0,634.0,5.9,527.0,4.9,8.5,8.0,13.4,5.0,3.0,3.0,91.9,PB,2021
38,Hunter Renfrow,LVR,WR,26,17,9,0,0,0,0,0,3,3,1.0,0,128,103,1038,10.08,9,5,1,9,,,156.0,259.1,263.1,207.6,32.0,13,38.0,,1.0,,,,,,,,,,,,,,,,,,,,,,,,,,,,,,,,,,,3.0,3.0,0.0,1.0,0.3,2.0,0.7,0.0,,128.0,103.0,1038.0,51.0,586.0,5.7,452.0,4.4,6.5,2.0,51.5,2.0,1.6,1.0,120.6,PB,2021
41,CeeDee Lamb,DAL,WR,22,16,13,0,0,0,0,0,9,76,8.44,0,120,79,1102,13.95,6,0,0,6,,,154.0,232.8,235.8,193.3,30.0,14,41.0,,1.0,,,,,,,,,,,,,,,,,,,,,,,,,,,,,,,,,,,9.0,76.0,4.0,62.0,6.9,14.0,1.6,0.0,,120.0,79.0,1102.0,54.0,661.0,8.4,441.0,5.6,10.3,12.0,6.6,8.0,6.7,6.0,91.0,PB,2021
44,Keenan Allen,LAC,WR,29,16,16,0,1,0,0,0,0,0,,0,157,106,1138,10.74,6,1,0,6,,1.0,152.0,257.8,260.8,204.8,28.0,15,44.0,,1.0,0.0,1.0,14.0,14.0,0.0,,0.0,0.0,,0.0,0.0,0.0,0.0,0.0,1.0,100.0,0.0,0.0,1.3,0.0,0.0,0.0,0.0,0.0,0.0,,0.0,0.0,0.0,0.0,0.0,0.0,0.0,0.0,,,,,,,,,,157.0,106.0,1138.0,66.0,801.0,7.6,337.0,3.2,8.4,1.0,106.0,8.0,5.1,5.0,88.0,PB,2021
45,Michael Pittman Jr.,IND,WR,24,17,17,0,0,0,0,0,5,44,8.8,0,129,88,1082,12.3,6,1,0,6,1.0,,151.0,238.6,241.6,194.6,27.0,16,45.0,,,,,,,,,,,,,,,,,,,,,,,,,,,,,,,,,,,,,5.0,44.0,1.0,39.0,7.8,5.0,1.0,0.0,,129.0,88.0,1082.0,54.0,734.0,8.3,348.0,4.0,9.8,2.0,44.0,6.0,4.7,3.0,99.7,,2021
50,Tee Higgins,CIN,WR,22,14,14,0,0,0,0,0,0,0,,0,110,74,1091,14.74,6,1,1,6,1.0,,145.0,219.1,223.1,182.1,22.0,17,50.0,,,,,,,,,,,,,,,,,,,,,,,,,,,,,,,,,,,,,,,,,,,,,,110.0,74.0,1091.0,53.0,801.0,10.8,290.0,3.9,12.1,4.0,18.5,5.0,4.5,2.0,110.1,,2021
51,D.J. Moore,CAR,WR,24,17,17,0,0,0,0,0,8,48,6.0,0,163,93,1157,12.44,4,1,1,4,1.0,,145.0,237.5,241.5,191.0,22.0,18,51.0,,,,,,,,,,,,,,,,,,,,,,,,,,,,,,,,,,,,,8.0,48.0,4.0,28.0,3.5,20.0,2.5,1.0,8.0,163.0,93.0,1157.0,60.0,731.0,7.9,426.0,4.6,10.6,4.0,23.3,10.0,6.1,6.0,72.0,,2021
53,Chris Godwin,TAM,WR,25,14,14,0,0,0,0,0,4,21,5.25,1,127,98,1103,11.26,5,2,2,6,,,144.0,242.4,247.4,193.4,21.0,19,53.0,,,,,,,,,,,,,,,,,,,,,,,,,,,,,,,,,,,,,4.0,21.0,4.0,13.0,3.3,8.0,2.0,0.0,,127.0,98.0,1103.0,55.0,517.0,5.3,586.0,6.0,7.3,5.0,19.6,5.0,3.9,2.0,109.1,,2021
56,Jaylen Waddle,MIA,WR,23,16,16,0,0,0,0,0,2,3,1.5,1,140,104,1015,9.76,6,2,1,7,,,142.0,245.8,249.8,193.8,19.0,21,56.0,,,,,,,,,,,,,,,,,,,,,,,,,,,,,,,,,,,,,2.0,3.0,1.0,2.0,1.0,1.0,0.5,0.0,,140.0,104.0,1015.0,59.0,576.0,5.5,439.0,4.2,7.1,4.0,26.0,8.0,5.7,7.0,87.6,,2021
57,Brandin Cooks,HOU,WR,28,16,16,0,0,0,0,0,2,21,10.5,0,134,90,1037,11.52,6,0,0,6,,,142.0,231.8,234.8,186.8,19.0,20,57.0,,,,,,,,,,,,,,,,,,,,,,,,,,,,,,,,,,,,,2.0,21.0,1.0,15.0,7.5,6.0,3.0,0.0,,134.0,90.0,1037.0,45.0,680.0,7.6,357.0,4.0,10.5,5.0,18.0,5.0,3.7,3.0,95.9,,2021
58,Darnell Mooney,CHI,WR,24,17,14,0,0,0,0,0,6,32,5.33,1,140,81,1055,13.02,4,0,0,5,,,139.0,219.7,222.7,179.2,16.0,22,58.0,,,,,,,,,,,,,,,,,,,,,,,,,,,,,,,,,,,,,6.0,32.0,2.0,29.0,4.8,3.0,0.5,1.0,6.0,140.0,81.0,1055.0,49.0,674.0,8.3,381.0,4.7,11.1,5.0,16.2,9.0,6.4,8.0,67.4,,2021
62,Amon-Ra St. Brown,DET,WR,22,17,9,0,0,0,0,0,7,61,8.71,1,119,90,912,10.13,5,0,0,6,2.0,,137.0,227.3,230.3,182.3,15.0,23,62.0,,,,,,,,,,,,,,,,,,,,,,,,,,,,,,,,,,,,,7.0,61.0,2.0,27.0,3.9,34.0,4.9,2.0,3.5,119.0,90.0,912.0,48.0,488.0,5.4,424.0,4.7,7.1,2.0,45.0,1.0,0.8,2.0,104.0,,2021
63,Terry McLaurin,WAS,WR,26,17,17,0,0,0,0,0,1,12,12.0,0,130,77,1053,13.68,5,0,0,5,,,137.0,213.5,216.5,175.0,14.0,24,63.0,,,,,,,,,,,,,,,,,,,,,,,,,,,,,,,,,,,,,1.0,12.0,1.0,7.0,7.0,5.0,5.0,0.0,,130.0,77.0,1053.0,47.0,736.0,9.6,317.0,4.1,13.1,4.0,19.3,5.0,3.8,4.0,85.2,,2021
65,Marquise Brown,BAL,WR,24,16,16,0,0,0,0,0,1,5,5.0,0,146,91,1008,11.08,6,3,1,6,,,135.0,226.3,230.3,180.8,13.0,25,65.0,,,,,,,,,,,,,,,,,,,,,,,,,,,,,,,,,,,,,1.0,5.0,1.0,2.0,2.0,3.0,3.0,0.0,,146.0,91.0,1008.0,41.0,620.0,6.8,388.0,4.3,11.1,4.0,22.8,7.0,4.8,3.0,87.9,,2021
66,Amari Cooper,DAL,WR,27,15,14,0,0,0,0,0,0,0,,0,104,68,865,12.72,8,1,0,8,,,135.0,202.5,205.5,168.5,12.0,26,66.0,,,,,,,,,,,,,,,,,,,,,,,,,,,,,,,,,,,,,,,,,,,,,,104.0,68.0,865.0,45.0,630.0,9.3,235.0,3.5,11.0,4.0,17.0,3.0,2.9,0.0,116.9,,2021
68,Adam Thielen,MIN,WR,31,13,13,0,0,0,0,0,1,2,2.0,0,95,67,726,10.84,10,1,0,10,,,133.0,199.8,202.8,166.3,11.0,27,68.0,,,,,,,,,,,,,,,,,,,,,,,,,,,,,,,,,,,,,1.0,2.0,0.0,0.0,0.0,2.0,2.0,0.0,,95.0,67.0,726.0,37.0,487.0,7.3,239.0,3.6,9.5,1.0,67.0,1.0,1.1,2.0,119.0,,2021
69,Christian Kirk,ARI,WR,25,17,11,1,1,33,0,0,1,11,11.0,0,103,77,982,12.75,5,0,0,5,,,131.0,207.6,210.6,169.1,8.0,28,69.0,,,1.0,1.0,33.0,33.0,33.0,33.0,33.0,0.0,0.0,0.0,0.0,0.0,0.0,0.0,0.0,0.0,1.0,100.0,1.5,0.0,0.0,0.0,0.0,0.0,0.0,,1.0,33.0,1.0,33.0,0.0,0.0,1.0,33.0,1.0,11.0,1.0,9.0,9.0,2.0,2.0,0.0,,103.0,77.0,982.0,44.0,754.0,9.8,228.0,3.0,11.6,1.0,77.0,6.0,5.8,2.0,112.2,,2021
72,Kendrick Bourne,NWE,WR,26,17,5,1,1,25,1,0,12,125,10.42,0,70,55,800,14.55,5,1,1,5,,,126.0,180.5,187.5,153.0,4.0,29,72.0,,,1.0,1.0,22.0,22.0,22.0,22.0,22.0,3.0,3.0,0.0,0.0,0.0,0.0,0.0,0.0,0.0,1.0,100.0,1.6,0.0,0.0,0.0,0.0,0.0,0.0,,0.0,0.0,0.0,0.0,0.0,0.0,0.0,0.0,12.0,125.0,7.0,86.0,7.2,39.0,3.3,2.0,6.0,70.0,55.0,800.0,27.0,415.0,7.5,385.0,7.0,8.5,5.0,11.0,2.0,2.9,1.0,132.1,,2021
101,DeVonta Smith,PHI,WR,23,17,16,0,0,0,0,0,0,0,,0,104,64,916,14.31,5,1,1,5,1.0,,122.0,185.6,189.6,153.6,,30,,,,,,,,,,,,,,,,,,,,,,,,,,,,,,,,,,,,,,,,,,,,,,,104.0,64.0,916.0,43.0,696.0,10.9,220.0,3.4,13.9,2.0,32.0,2.0,1.9,1.0,102.1,,2021
102,A.J. Brown,TEN,WR,24,13,13,0,2,0,0,0,2,10,5.0,0,105,63,869,13.79,5,0,0,5,,,118.0,180.9,183.9,149.4,,32,,,,0.0,2.0,42.0,21.0,0.0,,0.0,0.0,,0.0,1.0,0.0,0.0,0.0,1.0,100.0,0.0,0.0,0.9,0.0,0.0,0.0,0.0,0.0,0.0,,0.0,0.0,0.0,0.0,0.0,0.0,0.0,0.0,2.0,10.0,1.0,6.0,3.0,4.0,2.0,0.0,,105.0,63.0,869.0,45.0,621.0,9.9,248.0,3.9,11.6,2.0,31.5,8.0,7.6,2.0,94.5,,2021
104,Van Jefferson,LAR,WR,25,17,17,0,0,0,0,0,2,20,10.0,0,89,50,802,16.04,6,0,0,6,,,118.0,168.2,171.2,143.2,,31,,,,,,,,,,,,,,,,,,,,,,,,,,,,,,,,,,,,,,2.0,20.0,1.0,7.0,3.5,13.0,6.5,0.0,,89.0,50.0,802.0,32.0,586.0,11.7,216.0,4.3,13.5,2.0,25.0,6.0,6.7,1.0,104.2,,2021
105,Tyler Boyd,CIN,WR,27,16,10,1,1,46,0,0,2,22,11.0,0,94,67,828,12.36,5,1,0,5,,,117.0,183.8,186.8,150.3,,33,,,,1.0,1.0,-4.0,-4.0,-4.0,-4.0,-4.0,50.0,50.0,0.0,0.0,0.0,0.0,0.0,0.0,0.0,1.0,100.0,3.1,0.0,1.0,0.0,1.0,100.0,0.0,,0.0,0.0,0.0,0.0,0.0,0.0,0.0,0.0,2.0,22.0,1.0,9.0,4.5,13.0,6.5,1.0,2.0,94.0,67.0,828.0,37.0,439.0,6.6,389.0,5.8,7.7,2.0,33.5,0.0,0.0,4.0,98.2,,2021
108,Brandon Aiyuk,SFO,WR,23,17,16,0,0,0,0,0,5,17,3.4,0,84,56,826,14.75,5,2,1,5,1.0,,114.0,170.3,174.3,142.3,,34,,,,,,,,,,,,,,,,,,,,,,,,,,,,,,,,,,,,,,5.0,17.0,0.0,9.0,1.8,8.0,1.6,0.0,,84.0,56.0,826.0,37.0,479.0,8.6,347.0,6.2,9.8,3.0,18.7,4.0,4.8,0.0,118.5,,2021
111,K.J. Osborn,MIN,WR,24,17,9,0,0,0,0,0,1,10,10.0,0,82,50,655,13.1,7,0,0,7,,,109.0,158.5,161.5,133.5,,35,,,,,,,,,,,,,,,,,,,,,,,,,,,,,,,,,,,,,,1.0,10.0,1.0,8.0,8.0,2.0,2.0,0.0,,82.0,50.0,655.0,26.0,476.0,9.5,179.0,3.6,10.5,1.0,50.0,2.0,2.4,3.0,99.4,,2021
113,Chase Claypool,PIT,WR,23,15,13,0,0,0,0,0,14,96,6.86,0,105,59,860,14.58,2,0,0,2,,,108.0,166.6,169.6,137.1,,36,,,,,,,,,,,,,,,,,,,,,,,,,,,,,,,,,,,,,,14.0,96.0,7.0,79.0,5.6,17.0,1.2,0.0,,105.0,59.0,860.0,35.0,577.0,9.8,283.0,4.8,11.4,4.0,14.8,5.0,4.8,3.0,77.5,,2021
114,Marvin Jones,JAX,WR,31,17,16,0,0,0,0,0,0,0,,0,120,73,832,11.4,4,0,0,4,,,107.0,180.2,183.2,143.7,,37,,,,,,,,,,,,,,,,,,,,,,,,,,,,,,,,,,,,,,,,,,,,,,,120.0,73.0,832.0,42.0,700.0,9.6,132.0,1.8,11.9,0.0,,2.0,1.7,3.0,82.4,,2021
115,Marquez Callaway,NOR,WR,23,17,11,0,0,0,0,0,0,0,,0,84,46,698,15.17,6,0,0,6,,,106.0,151.8,154.8,128.8,,38,,,,,,,,,,,,,,,,,,,,,,,,,,,,,,,,,,,,,,,,,,,,,,,84.0,46.0,698.0,32.0,554.0,12.0,144.0,3.1,12.6,4.0,11.5,4.0,4.8,1.0,101.2,,2021
116,DeAndre Hopkins,ARI,WR,29,10,10,0,0,0,0,0,0,0,,0,64,42,572,13.62,8,0,0,8,,,105.0,147.2,150.2,126.2,,39,,,,,,,,,,,,,,,,,,,,,,,,,,,,,,,,,,,,,,,,,,,,,,,64.0,42.0,572.0,32.0,432.0,10.3,140.0,3.3,12.3,0.0,,1.0,1.6,0.0,133.6,,2021
118,A.J. Green,ARI,WR,33,16,9,0,0,0,0,0,0,0,,0,92,54,848,15.7,3,0,0,3,,,103.0,156.8,159.8,129.8,,43,,,,,,,,,,,,,,,,,,,,,,,,,,,,,,,,,,,,,,,,,,,,,,,92.0,54.0,848.0,37.0,667.0,12.4,181.0,3.4,12.2,5.0,10.8,5.0,5.4,2.0,91.2,,2021
119,Allen Lazard,GNB,WR,26,15,13,0,0,0,0,0,3,32,10.67,0,60,40,513,12.83,8,0,0,8,,,103.0,142.5,145.5,122.5,,44,,,,,,,,,,,,,,,,,,,,,,,,,,,,,,,,,,,,,,3.0,32.0,2.0,29.0,9.7,3.0,1.0,0.0,,60.0,40.0,513.0,28.0,345.0,8.6,168.0,4.2,10.9,1.0,40.0,1.0,1.7,0.0,132.8,,2021
120,Jakobi Meyers,NWE,WR,25,17,16,2,2,45,0,0,1,9,9.0,0,126,83,866,10.43,2,1,1,2,2.0,,103.0,186.3,190.3,144.8,,41,,,,2.0,2.0,11.0,5.5,11.0,5.5,5.5,34.0,17.0,0.0,0.0,0.0,0.0,0.0,0.0,0.0,2.0,100.0,2.5,0.0,0.0,1.0,1.0,50.0,0.0,,1.0,15.0,1.0,15.0,0.0,0.0,1.0,15.0,1.0,9.0,0.0,8.0,8.0,1.0,1.0,0.0,,126.0,83.0,866.0,42.0,644.0,7.8,222.0,2.7,9.8,1.0,83.0,3.0,2.4,3.0,81.0,,2021
121,Tim Patrick,DEN,WR,28,16,16,0,0,0,0,0,0,0,,0,85,53,734,13.85,5,0,0,5,,,103.0,156.4,159.4,129.9,,40,,,,,,,,,,,,,,,,,,,,,,,,,,,,,,,,,,,,,,,,,,,,,,,85.0,53.0,734.0,39.0,532.0,10.0,202.0,3.8,11.7,2.0,26.5,3.0,3.5,2.0,99.8,,2021
122,Cedrick Wilson Jr.,DAL,WR,26,16,4,3,3,88,0,0,2,11,5.5,0,61,45,602,13.38,6,3,0,6,1.0,,103.0,147.8,150.8,125.3,,42,,,,3.0,3.0,67.0,22.3,67.0,22.3,22.3,21.0,7.0,0.0,0.0,0.0,0.0,0.0,0.0,0.0,3.0,100.0,2.2,0.0,0.0,0.0,0.0,0.0,0.0,,1.0,22.0,1.0,22.0,0.0,0.0,1.0,22.0,2.0,11.0,1.0,10.0,5.0,1.0,0.5,0.0,,61.0,45.0,602.0,27.0,348.0,7.7,254.0,5.6,9.5,0.0,,3.0,4.9,1.0,130.6,,2021
126,Russell Gage,ATL,WR,25,14,9,0,0,0,0,0,0,0,,0,94,66,770,11.67,4,2,2,4,,,97.0,163.0,168.0,130.0,,45,,,,,,,,,,,,,,,,,,,,,,,,,,,,,,,,,,,,,,,,,,,,,,,94.0,66.0,770.0,37.0,516.0,7.8,254.0,3.8,9.3,5.0,13.2,5.0,5.3,5.0,86.7,,2021
127,Elijah Moore,NYJ,WR,21,11,6,0,0,0,0,0,5,54,10.8,1,77,43,538,12.51,5,0,0,6,,,95.0,138.2,141.2,116.7,,46,,,,,,,,,,,,,,,,,,,,,,,,,,,,,,,,,,,,,,5.0,54.0,3.0,44.0,8.8,10.0,2.0,1.0,5.0,77.0,43.0,538.0,24.0,331.0,7.7,207.0,4.8,11.7,2.0,21.5,1.0,1.3,4.0,77.7,,2021
134,Courtland Sutton,DEN,WR,26,17,16,1,1,16,0,0,0,0,,0,98,58,776,13.38,2,0,0,2,1.0,,92.0,150.2,153.2,121.2,,47,,,,1.0,1.0,15.0,15.0,15.0,15.0,15.0,1.0,1.0,0.0,0.0,0.0,0.0,0.0,0.0,0.0,1.0,100.0,3.8,0.0,1.0,0.0,1.0,100.0,0.0,,0.0,0.0,0.0,0.0,0.0,0.0,0.0,0.0,,,,,,,,,,98.0,58.0,776.0,35.0,641.0,11.1,135.0,2.3,15.4,1.0,58.0,3.0,3.1,3.0,78.4,,2021
135,Robert Woods,LAR,WR,29,9,9,0,0,0,0,0,8,46,5.75,1,69,45,556,12.36,4,0,0,5,1.0,,92.0,137.2,140.2,114.7,,48,,,,,,,,,,,,,,,,,,,,,,,,,,,,,,,,,,,,,,8.0,46.0,1.0,31.0,3.9,15.0,1.9,0.0,,69.0,45.0,556.0,34.0,358.0,8.0,198.0,4.4,8.2,0.0,,3.0,4.3,1.0,103.3,,2021
136,Gabriel Davis,BUF,WR,22,16,4,0,0,0,0,0,0,0,,0,63,35,549,15.69,6,0,0,6,,,91.0,125.9,128.9,108.4,,49,,,,,,,,,,,,,,,,,,,,,,,,,,,,,,,,,,,,,,,,,,,,,,,63.0,35.0,549.0,29.0,409.0,11.7,140.0,4.0,13.3,1.0,35.0,5.0,7.9,2.0,103.2,,2021
141,Emmanuel Sanders,BUF,WR,34,14,13,0,0,0,0,0,2,31,15.5,0,72,42,626,14.9,4,0,0,4,,,90.0,131.7,134.7,110.7,,50,,,,,,,,,,,,,,,,,,,,,,,,,,,,,,,,,,,,,,2.0,31.0,2.0,27.0,13.5,4.0,2.0,0.0,,72.0,42.0,626.0,31.0,541.0,12.9,85.0,2.0,15.0,0.0,,3.0,4.2,1.0,99.7,,2021
144,Robbie Chosen,CAR,WR,28,17,16,0,0,0,0,0,3,36,12.0,0,110,53,519,9.79,5,0,0,5,,,86.0,138.5,141.5,112.0,,51,,,,,,,,,,,,,,,,,,,,,,,,,,,,,,,,,,,,,,3.0,36.0,1.0,2.0,0.7,34.0,11.3,0.0,,110.0,53.0,519.0,27.0,361.0,6.8,158.0,3.0,10.5,2.0,26.5,7.0,6.4,7.0,50.5,,2021
148,Odell Beckham Jr.,2TM,WR,29,14,13,0,0,0,0,0,2,14,7.0,0,82,44,537,12.2,5,0,0,5,,,85.0,129.1,132.1,107.1,,52,,,,,,,,,,,,,,,,,,,,,,,,,,,,,,,,,,,,,,2.0,14.0,1.0,12.0,6.0,2.0,1.0,0.0,,82.0,44.0,537.0,27.0,386.0,8.8,151.0,3.4,13.3,1.0,44.0,2.0,2.4,3.0,79.2,,2021
152,Byron Pringle,KAN,WR,28,17,5,0,0,0,0,0,0,0,,0,60,42,568,13.52,5,2,1,5,,,85.0,126.8,130.8,105.8,,53,,,,,,,,,,,,,,,,,,,,,,,,,,,,,,,,,,,,,,,,,,,,,,,60.0,42.0,568.0,32.0,381.0,9.1,187.0,4.5,10.7,4.0,10.5,4.0,6.7,0.0,127.6,,2021
156,Kalif Raymond,DET,WR,27,16,14,0,0,0,0,0,4,28,7.0,0,71,48,576,12.0,4,0,0,4,,,84.0,132.4,135.4,108.4,,54,,,,,,,,,,,,,,,,,,,,,,,,,,,,,,,,,,,,,,4.0,28.0,2.0,21.0,5.3,7.0,1.8,0.0,,71.0,48.0,576.0,28.0,314.0,6.5,262.0,5.5,10.2,3.0,16.0,3.0,4.2,1.0,105.1,,2021
160,Mecole Hardman,KAN,WR,23,17,8,0,0,0,0,0,8,46,5.75,0,83,59,693,11.75,2,3,2,2,,,82.0,140.9,145.9,111.4,,55,,,,,,,,,,,,,,,,,,,,,,,,,,,,,,,,,,,,,,8.0,46.0,2.0,39.0,4.9,7.0,0.9,0.0,,83.0,59.0,693.0,33.0,191.0,3.2,502.0,8.5,7.4,7.0,8.4,2.0,2.4,1.0,99.1,,2021
164,Jarvis Landry,CLE,WR,29,12,12,0,0,0,0,0,6,40,6.67,2,87,52,570,10.96,2,3,2,4,,,81.0,133.0,138.0,107.0,,56,,,,,,,,,,,,,,,,,,,,,,,,,,,,,,,,,,,,,,6.0,40.0,4.0,29.0,4.8,11.0,1.8,1.0,6.0,87.0,52.0,570.0,30.0,297.0,5.7,273.0,5.3,7.9,3.0,17.3,2.0,2.3,5.0,62.9,,2021
165,Antonio Brown,TAM,WR,33,7,3,0,0,0,0,0,1,6,6.0,0,62,42,545,12.98,4,0,0,4,,,79.0,121.1,124.1,100.1,,57,,,,,,,,,,,,,,,,,,,,,,,,,,,,,,,,,,,,,,1.0,6.0,0.0,5.0,5.0,1.0,1.0,0.0,,62.0,42.0,545.0,29.0,355.0,8.5,190.0,4.5,11.8,2.0,21.0,2.0,3.2,1.0,109.9,,2021
169,Cole Beasley,BUF,WR,32,16,8,0,1,0,0,0,0,0,,0,112,82,693,8.45,1,1,0,1,1.0,,77.0,159.3,162.3,118.3,,58,,,,0.0,1.0,19.0,19.0,0.0,,0.0,0.0,,0.0,0.0,0.0,0.0,0.0,0.0,0.0,1.0,100.0,1.3,0.0,1.0,0.0,1.0,100.0,0.0,,1.0,0.0,1.0,0.0,0.0,0.0,1.0,0.0,,,,,,,,,,112.0,82.0,693.0,34.0,388.0,4.7,305.0,3.7,5.6,0.0,,5.0,4.5,3.0,80.7,,2021
171,Deonte Harty,NOR,WR,24,13,1,0,0,0,0,0,5,41,8.2,0,59,36,570,15.83,3,2,1,3,,,77.0,113.1,117.1,95.1,,59,,,,,,,,,,,,,,,,,,,,,,,,,,,,,,,,,,,,,,5.0,41.0,1.0,35.0,7.0,6.0,1.2,0.0,,59.0,36.0,570.0,23.0,329.0,9.1,241.0,6.7,10.0,4.0,9.0,3.0,5.1,6.0,70.6,,2021
172,Donovan Peoples-Jones,CLE,WR,22,14,9,0,0,0,0,0,0,0,,0,58,34,597,17.56,3,2,1,3,,,76.0,109.7,113.7,92.7,,60,,,,,,,,,,,,,,,,,,,,,,,,,,,,,,,,,,,,,,,,,,,,,,,58.0,34.0,597.0,26.0,451.0,13.3,146.0,4.3,15.4,4.0,8.5,3.0,5.2,3.0,89.5,,2021
173,Braxton Berrios,NYJ,WR,26,16,1,0,0,0,0,0,7,40,5.71,2,65,46,431,9.37,2,1,1,5,,,75.0,121.1,125.1,98.1,,61,,1.0,,,,,,,,,,,,,,,,,,,,,,,,,,,,,,,,,,,,7.0,40.0,3.0,28.0,4.0,12.0,1.7,0.0,,65.0,46.0,431.0,21.0,189.0,4.1,242.0,5.3,5.1,1.0,46.0,0.0,0.0,1.0,92.5,AP-1,2021
174,Bryan Edwards,LVR,WR,23,16,12,0,0,0,0,0,1,0,0.0,0,59,34,571,16.79,3,1,0,3,,,75.0,109.1,112.1,92.1,,62,,,,,,,,,,,,,,,,,,,,,,,,,,,,,,,,,,,,,,1.0,0.0,0.0,0.0,0.0,0.0,0.0,0.0,,59.0,34.0,571.0,26.0,381.0,11.2,190.0,5.6,14.0,6.0,5.7,1.0,1.7,0.0,107.4,,2021
177,Quez Watkins,PHI,WR,23,17,12,0,0,0,0,0,1,3,3.0,0,62,43,647,15.05,1,0,0,1,1.0,,73.0,116.0,119.0,94.5,,63,,,,,,,,,,,,,,,,,,,,,,,,,,,,,,,,,,,,,,1.0,3.0,0.0,3.0,3.0,0.0,0.0,0.0,,62.0,43.0,647.0,25.0,394.0,9.2,253.0,5.9,12.0,5.0,8.6,1.0,1.6,3.0,88.6,,2021
180,Corey Davis,NYJ,WR,26,9,9,0,0,0,0,0,0,0,,0,59,34,492,14.47,4,2,1,4,,,71.0,105.2,109.2,88.2,,64,,,,,,,,,,,,,,,,,,,,,,,,,,,,,,,,,,,,,,,,,,,,,,,59.0,34.0,492.0,23.0,368.0,10.8,124.0,3.6,13.1,2.0,17.0,5.0,8.5,5.0,72.1,,2021
182,Nick Westbrook-Ikhine,TEN,WR,24,16,7,0,0,0,0,0,0,0,,0,57,38,476,12.53,4,1,1,4,,,70.0,107.6,111.6,88.6,,65,,,,,,,,,,,,,,,,,,,,,,,,,,,,,,,,,,,,,,,,,,,,,,,57.0,38.0,476.0,23.0,332.0,8.7,144.0,3.8,10.5,1.0,38.0,2.0,3.5,0.0,115.8,,2021
184,Nelson Agholor,NWE,WR,28,15,13,0,0,0,0,0,3,11,3.67,0,64,37,473,12.78,3,0,0,3,,,66.0,103.4,106.4,84.9,,66,,,,,,,,,,,,,,,,,,,,,,,,,,,,,,,,,,,,,,3.0,11.0,0.0,6.0,2.0,5.0,1.7,2.0,1.5,64.0,37.0,473.0,23.0,355.0,9.6,118.0,3.2,14.2,2.0,18.5,1.0,1.6,3.0,77.1,,2021
185,Randall Cobb,GNB,WR,31,12,3,0,0,0,0,0,1,1,1.0,0,39,28,375,13.39,5,1,1,5,,,66.0,93.6,97.6,79.6,,68,,,,,,,,,,,,,,,,,,,,,,,,,,,,,,,,,,,,,,1.0,1.0,0.0,0.0,0.0,1.0,1.0,1.0,1.0,39.0,28.0,375.0,21.0,237.0,8.5,138.0,4.9,7.9,1.0,28.0,2.0,5.1,0.0,141.6,,2021
186,Jalen Guyton,LAC,WR,24,16,2,0,0,0,0,0,7,34,4.86,0,48,31,448,14.45,3,1,0,3,,,66.0,97.2,100.2,81.7,,67,,,,,,,,,,,,,,,,,,,,,,,,,,,,,,,,,,,,,,7.0,34.0,2.0,14.0,2.0,20.0,2.9,1.0,7.0,48.0,31.0,448.0,21.0,299.0,9.6,149.0,4.8,10.5,2.0,15.5,4.0,8.3,0.0,115.6,,2021
190,DeVante Parker,MIA,WR,28,10,8,0,0,0,0,0,0,0,,0,73,40,515,12.88,2,0,0,2,,,64.0,103.5,106.5,83.5,,70,,,,,,,,,,,,,,,,,,,,,,,,,,,,,,,,,,,,,,,,,,,,,,,73.0,40.0,515.0,29.0,411.0,10.3,104.0,2.6,11.5,2.0,20.0,4.0,5.5,0.0,86.3,,2021
191,Laviska Shenault Jr.,JAX,WR,23,16,10,0,0,0,0,0,11,41,3.73,0,100,63,619,9.83,0,1,1,0,,,64.0,127.0,131.0,95.5,,69,,,,,,,,,,,,,,,,,,,,,,,,,,,,,,,,,,,,,,11.0,41.0,2.0,24.0,2.2,17.0,1.5,1.0,11.0,100.0,63.0,619.0,30.0,230.0,3.7,389.0,6.2,5.5,10.0,6.3,8.0,8.0,2.0,72.0,,2021
192,DeAndre Carter,WAS,WR,28,17,6,0,0,0,0,0,10,89,8.9,0,44,24,296,12.33,3,3,0,4,,,63.0,86.5,89.5,74.5,,71,,,,,,,,,,,,,,,,,,,,,,,,,,,,,,,,,,,,,,10.0,89.0,4.0,80.0,8.0,9.0,0.9,0.0,,44.0,24.0,296.0,17.0,218.0,9.1,78.0,3.3,11.0,0.0,,2.0,4.5,2.0,79.4,,2021
193,Freddie Swain,SEA,WR,23,17,8,0,0,0,0,0,5,32,6.4,0,40,25,343,13.72,4,1,0,4,,,62.0,86.5,89.5,74.0,,72,,,,,,,,,,,,,,,,,,,,,,,,,,,,,,,,,,,,,,5.0,32.0,2.0,26.0,5.2,6.0,1.2,0.0,,40.0,25.0,343.0,12.0,137.0,5.5,206.0,8.2,8.1,0.0,,2.0,5.0,0.0,123.2,,2021
196,Henry Ruggs III,LVR,WR,22,7,7,0,0,0,0,0,3,16,5.33,0,36,24,469,19.54,2,0,0,2,,,61.0,84.5,87.5,72.5,,74,,,,,,,,,,,,,,,,,,,,,,,,,,,,,,,,,,,,,,3.0,16.0,0.0,15.0,5.0,1.0,0.3,0.0,,36.0,24.0,469.0,16.0,360.0,15.0,109.0,4.5,16.9,3.0,8.0,2.0,5.6,0.0,128.2,,2021
197,Marquez Valdes-Scantling,GNB,WR,27,11,7,0,0,0,0,0,0,0,,0,55,26,430,16.54,3,0,0,3,,,61.0,87.0,90.0,74.0,,73,,,,,,,,,,,,,,,,,,,,,,,,,,,,,,,,,,,,,,,,,,,,,,,55.0,26.0,430.0,18.0,284.0,10.9,146.0,5.6,17.9,0.0,,0.0,0.0,1.0,84.7,,2021
199,Josh Palmer,LAC,WR,22,17,5,0,0,0,0,0,1,6,6.0,0,49,33,353,10.7,4,0,0,4,,,60.0,92.9,95.9,76.4,,75,,,,,,,,,,,,,,,,,,,,,,,,,,,,,,,,,,,,,,1.0,6.0,0.0,6.0,6.0,0.0,0.0,0.0,,49.0,33.0,353.0,18.0,259.0,7.8,94.0,2.8,10.1,1.0,33.0,1.0,2.0,2.0,98.4,,2021
200,Jamison Crowder,NYJ,WR,28,12,4,0,0,0,0,0,0,0,,0,71,51,447,8.76,2,1,1,2,1.0,1.0,59.0,109.7,113.7,84.2,,78,,,,,,,,,,,,,,,,,,,,,,,,,,,,,,,,,,,,,,,,,,,,,,,71.0,51.0,447.0,24.0,271.0,5.3,176.0,3.5,6.2,0.0,,2.0,2.8,2.0,85.8,,2021
201,Zay Jones,LVR,WR,26,17,9,0,0,0,0,0,2,3,1.5,0,70,47,546,11.62,1,1,1,1,,,59.0,105.9,109.9,82.4,,76,,,,,,,,,,,,,,,,,,,,,,,,,,,,,,,,,,,,,,2.0,3.0,0.0,3.0,1.5,0.0,0.0,0.0,,70.0,47.0,546.0,29.0,376.0,8.0,170.0,3.6,14.0,3.0,15.7,2.0,2.9,5.0,65.5,,2021
202,Olamide Zaccheaus,ATL,WR,24,17,8,0,0,0,0,0,1,2,2.0,0,53,31,406,13.1,3,0,0,3,,,59.0,89.8,92.8,74.3,,77,,,,,,,,,,,,,,,,,,,,,,,,,,,,,,,,,,,,,,1.0,2.0,1.0,0.0,0.0,2.0,2.0,0.0,,53.0,31.0,406.0,22.0,312.0,10.1,94.0,3.0,9.0,0.0,,2.0,3.8,2.0,85.9,,2021
203,Rashod Bateman,BAL,WR,22,12,4,0,0,0,0,0,0,0,,0,68,46,515,11.2,1,0,0,1,,,58.0,103.5,106.5,80.5,,80,,,,,,,,,,,,,,,,,,,,,,,,,,,,,,,,,,,,,,,,,,,,,,,68.0,46.0,515.0,29.0,344.0,7.5,171.0,3.7,8.8,0.0,,2.0,2.9,3.0,76.5,,2021
204,Jauan Jennings,SFO,WR,24,16,1,0,0,0,0,0,0,0,,0,38,24,282,11.75,5,1,0,5,,,58.0,82.2,85.2,70.2,,79,,,,,,,,,,,,,,,,,,,,,,,,,,,,,,,,,,,,,,,,,,,,,,,38.0,24.0,282.0,15.0,179.0,7.5,103.0,4.3,9.1,2.0,12.0,5.0,13.2,1.0,114.3,,2021
206,Michael Gallup,DAL,WR,25,9,8,0,0,0,0,0,0,0,,0,62,35,445,12.71,2,0,0,2,,,57.0,91.5,94.5,74.0,,81,,,,,,,,,,,,,,,,,,,,,,,,,,,,,,,,,,,,,,,,,,,,,,,62.0,35.0,445.0,23.0,322.0,9.2,123.0,3.5,11.5,1.0,35.0,3.0,4.8,0.0,89.8,,2021
207,Zach Pascal,IND,WR,27,16,13,0,0,0,0,0,2,21,10.5,0,69,38,384,10.11,3,1,1,3,,,57.0,94.5,98.5,75.5,,82,,,,,,,,,,,,,,,,,,,,,,,,,,,,,,,,,,,,,,2.0,21.0,0.0,16.0,8.0,5.0,2.5,0.0,,69.0,38.0,384.0,16.0,263.0,6.9,121.0,3.2,8.8,1.0,38.0,4.0,5.8,1.0,79.6,,2021
209,DeSean Jackson,2TM,WR,35,16,4,0,0,0,0,0,1,4,4.0,0,34,20,454,22.7,2,1,1,2,,,56.0,75.8,79.8,65.8,,83,,,,,,,,,,,,,,,,,,,,,,,,,,,,,,,,,,,,,,1.0,4.0,0.0,4.0,4.0,0.0,0.0,0.0,,34.0,20.0,454.0,12.0,279.0,14.0,175.0,8.8,19.0,0.0,,1.0,2.9,2.0,98.3,,2021
211,Tre'Quan Smith,NOR,WR,25,11,6,0,0,0,0,0,0,0,,0,50,32,377,11.78,3,1,0,3,,,56.0,87.7,90.7,71.7,,84,,,,,,,,,,,,,,,,,,,,,,,,,,,,,,,,,,,,,,,,,,,,,,,50.0,32.0,377.0,18.0,264.0,8.3,113.0,3.5,9.6,2.0,16.0,2.0,4.0,1.0,98.5,,2021
214,Rondale Moore,ARI,WR,21,14,7,0,0,0,0,0,18,76,4.22,0,64,54,435,8.06,1,3,1,1,,,55.0,109.1,113.1,82.1,,85,,,,,,,,,,,,,,,,,,,,,,,,,,,,,,,,,,,,,,18.0,76.0,2.0,24.0,1.3,52.0,2.9,3.0,6.0,64.0,54.0,435.0,18.0,-3.0,-0.1,438.0,8.1,1.4,2.0,27.0,1.0,1.6,2.0,87.2,,2021
219,Jamal Agnew,JAX,WR,26,10,2,0,0,0,0,0,7,111,15.86,1,39,24,229,9.54,1,1,0,3,,,52.0,76.0,82.0,64.0,,87,,,,,,,,,,,,,,,,,,,,,,,,,,,,,,,,,,,,,,7.0,111.0,3.0,103.0,14.7,8.0,1.1,0.0,,39.0,24.0,229.0,14.0,108.0,4.5,121.0,5.0,7.4,0.0,,1.0,2.6,0.0,86.4,,2021
220,Kenny Golladay,NYG,WR,28,14,14,0,0,0,0,0,0,0,,0,76,37,521,14.08,0,0,0,0,,,52.0,89.1,92.1,70.6,,86,,,,,,,,,,,,,,,,,,,,,,,,,,,,,,,,,,,,,,,,,,,,,,,76.0,37.0,521.0,27.0,402.0,10.9,119.0,3.2,13.7,3.0,12.3,1.0,1.3,3.0,54.8,,2021
221,Josh Reynolds,2TM,WR,26,12,5,0,0,0,0,0,0,0,,0,49,29,396,13.66,2,0,0,2,,,52.0,80.6,83.6,66.1,,88,,,,,,,,,,,,,,,,,,,,,,,,,,,,,,,,,,,,,,,,,,,,,,,49.0,29.0,396.0,21.0,277.0,9.6,119.0,4.1,13.6,2.0,14.5,1.0,2.0,1.0,90.2,,2021
222,Keelan Cole,NYJ,WR,28,15,11,0,1,0,0,0,0,0,,0,51,28,449,16.04,1,0,0,1,,,51.0,78.9,81.9,64.9,,90,,,,0.0,1.0,8.0,8.0,0.0,,0.0,0.0,,0.0,0.0,0.0,0.0,0.0,0.0,0.0,1.0,100.0,3.3,1.0,0.0,1.0,1.0,100.0,0.0,,0.0,0.0,0.0,0.0,0.0,0.0,1.0,0.0,,,,,,,,,,51.0,28.0,449.0,20.0,364.0,13.0,85.0,3.0,13.5,0.0,,1.0,2.0,4.0,58.4,,2021
223,Nico Collins,HOU,WR,22,14,8,0,0,0,0,0,0,0,,0,60,33,446,13.52,1,0,0,1,,,51.0,83.6,86.6,67.1,,91,,,,,,,,,,,,,,,,,,,,,,,,,,,,,,,,,,,,,,,,,,,,,,,60.0,33.0,446.0,22.0,313.0,9.5,133.0,4.0,10.6,0.0,,1.0,1.7,1.0,77.5,,2021
224,T.Y. Hilton,IND,WR,32,10,9,0,0,0,0,0,0,0,,0,37,23,331,14.39,3,0,0,3,,,51.0,74.1,77.1,62.6,,89,,,,,,,,,,,,,,,,,,,,,,,,,,,,,,,,,,,,,,,,,,,,,,,37.0,23.0,331.0,15.0,260.0,11.3,71.0,3.1,12.2,0.0,,1.0,2.7,0.0,118.2,,2021
227,Devin Duvernay,BAL,WR,24,16,7,0,0,0,0,0,7,50,7.14,0,47,33,272,8.24,2,1,0,3,,,50.0,83.2,86.2,66.7,,92,,1.0,1.0,,,,,,,,,,,,,,,,,,,,,,,,,,,,,,,,,,,7.0,50.0,4.0,38.0,5.4,12.0,1.7,0.0,,47.0,33.0,272.0,14.0,131.0,4.0,141.0,4.3,6.0,1.0,33.0,0.0,0.0,0.0,98.9,"PB,AP-1",2021
230,Julio Jones,TEN,WR,32,10,10,0,0,0,0,0,0,0,,0,48,31,434,14.0,1,0,0,1,,,49.0,80.4,83.4,64.9,,93,,,,,,,,,,,,,,,,,,,,,,,,,,,,,,,,,,,,,,,,,,,,,,,48.0,31.0,434.0,19.0,322.0,10.4,112.0,3.6,12.1,4.0,7.8,1.0,2.1,2.0,83.2,,2021
231,Allen Robinson,CHI,WR,28,12,11,0,0,0,0,0,0,0,,0,66,38,410,10.79,1,0,0,1,1.0,,49.0,87.0,90.0,68.0,,95,,,,,,,,,,,,,,,,,,,,,,,,,,,,,,,,,,,,,,,,,,,,,,,66.0,38.0,410.0,22.0,309.0,8.1,101.0,2.7,11.0,1.0,38.0,2.0,3.0,4.0,55.7,,2021
232,Laquon Treadwell,JAX,WR,26,12,7,0,0,0,0,0,0,0,,0,51,33,434,13.15,1,0,0,1,,,49.0,82.4,85.4,65.9,,94,,,,,,,,,,,,,,,,,,,,,,,,,,,,,,,,,,,,,,,,,,,,,,,51.0,33.0,434.0,22.0,308.0,9.3,126.0,3.8,11.9,3.0,11.0,3.0,5.9,1.0,89.8,,2021
234,Jerry Jeudy,DEN,WR,22,10,5,0,0,0,0,0,2,3,1.5,0,56,38,467,12.29,0,1,0,0,,,47.0,85.0,88.0,66.0,,96,,,,,,,,,,,,,,,,,,,,,,,,,,,,,,,,,,,,,,2.0,3.0,0.0,0.0,0.0,3.0,1.5,0.0,,56.0,38.0,467.0,22.0,280.0,7.4,187.0,4.9,10.5,0.0,,1.0,1.8,1.0,85.9,,2021
235,Mack Hollins,MIA,WR,28,17,3,0,0,0,0,0,0,0,,0,28,14,223,15.93,4,0,0,4,,,46.0,60.3,63.3,53.3,,97,,,,,,,,,,,,,,,,,,,,,,,,,,,,,,,,,,,,,,,,,,,,,,,28.0,14.0,223.0,11.0,186.0,13.3,37.0,2.6,15.3,0.0,,1.0,3.6,1.0,101.6,,2021
240,Danny Amendola,HOU,WR,36,8,0,0,1,0,0,0,0,0,,0,38,24,248,10.33,3,1,0,3,1.0,,45.0,68.8,71.8,56.8,,99,,,,0.0,1.0,14.0,14.0,0.0,,0.0,0.0,,0.0,0.0,0.0,0.0,0.0,0.0,0.0,0.0,0.0,1.2,1.0,0.0,0.0,0.0,0.0,0.0,,0.0,0.0,0.0,0.0,0.0,0.0,0.0,0.0,,,,,,,,,,38.0,24.0,248.0,10.0,143.0,6.0,105.0,4.4,8.4,0.0,,1.0,2.6,2.0,86.3,,2021
242,Jalen Reagor,PHI,WR,22,17,13,0,0,0,0,0,10,32,3.2,0,57,33,299,9.06,2,2,0,2,,,45.0,78.1,81.1,61.6,,98,,,,,,,,,,,,,,,,,,,,,,,,,,,,,,,,,,,,,,10.0,32.0,3.0,23.0,2.3,9.0,0.9,1.0,10.0,57.0,33.0,299.0,13.0,148.0,4.5,151.0,4.6,9.6,1.0,33.0,4.0,7.0,2.0,69.3,,2021
246,Demarcus Robinson,KAN,WR,27,17,10,0,0,0,0,0,0,0,,0,41,25,264,10.56,3,0,0,3,,,44.0,69.4,72.4,56.9,,100,,,,,,,,,,,,,,,,,,,,,,,,,,,,,,,,,,,,,,,,,,,,,,,41.0,25.0,264.0,13.0,202.0,8.1,62.0,2.5,10.4,0.0,,1.0,2.4,0.0,104.1,,2021
248,Chris Conley,HOU,WR,29,16,10,0,0,0,0,0,1,3,3.0,0,37,22,323,14.68,2,1,1,2,,,43.0,64.6,68.6,53.6,,103,,,,,,,,,,,,,,,,,,,,,,,,,,,,,,,,,,,,,,1.0,3.0,1.0,0.0,0.0,3.0,3.0,0.0,,37.0,22.0,323.0,15.0,197.0,9.0,126.0,5.7,9.1,3.0,7.3,2.0,5.4,1.0,94.8,,2021
250,Darius Slayton,NYG,WR,24,13,5,0,0,0,0,0,1,-13,-13.0,0,58,26,339,13.04,2,1,1,2,,,43.0,68.6,72.6,55.6,,104,,,,,,,,,,,,,,,,,,,,,,,,,,,,,,,,,,,,,,1.0,-13.0,0.0,-13.0,-13.0,0.0,0.0,0.0,,58.0,26.0,339.0,14.0,274.0,10.5,65.0,2.5,13.3,1.0,26.0,6.0,10.3,3.0,53.7,,2021
251,Kadarius Toney,NYG,WR,22,10,4,1,3,19,0,0,3,6,2.0,0,57,39,420,10.77,0,0,0,0,,,43.0,82.4,85.4,62.9,,102,,,,1.0,3.0,53.0,17.7,13.0,13.0,4.3,6.0,6.0,0.0,0.0,0.0,1.0,33.3,1.0,33.3,2.0,66.7,3.0,2.0,0.0,0.0,1.0,20.0,1.0,1.0,1.0,7.0,0.0,0.0,1.0,7.0,1.0,0.0,3.0,6.0,0.0,5.0,1.7,1.0,0.3,0.0,,57.0,39.0,420.0,21.0,192.0,4.9,228.0,5.8,5.9,2.0,19.5,2.0,3.5,1.0,82.5,,2021
252,Sammy Watkins,BAL,WR,28,13,9,0,0,0,0,0,0,0,,0,49,27,394,14.59,1,1,1,1,,,43.0,70.4,74.4,56.9,,101,,,,,,,,,,,,,,,,,,,,,,,,,,,,,,,,,,,,,,,,,,,,,,,49.0,27.0,394.0,17.0,300.0,11.1,94.0,3.5,13.1,0.0,,6.0,12.2,1.0,79.8,,2021
254,Sterling Shepard,NYG,WR,28,7,6,0,0,0,0,0,1,-9,-9.0,0,53,36,366,10.17,1,0,0,1,,,42.0,77.7,80.7,59.7,,106,,,,,,,,,,,,,,,,,,,,,,,,,,,,,,,,,,,,,,1.0,-9.0,0.0,-9.0,-9.0,0.0,0.0,1.0,1.0,53.0,36.0,366.0,19.0,255.0,7.1,111.0,3.1,7.6,1.0,36.0,4.0,7.5,4.0,62.3,,2021
255,James Washington,PIT,WR,25,15,2,0,0,0,0,0,2,13,6.5,0,44,24,285,11.88,2,0,0,2,,,42.0,65.8,68.8,53.8,,105,,,,,,,,,,,,,,,,,,,,,,,,,,,,,,,,,,,,,,2.0,13.0,0.0,10.0,5.0,3.0,1.5,0.0,,44.0,24.0,285.0,9.0,206.0,8.6,79.0,3.3,11.7,0.0,,2.0,4.5,1.0,80.2,,2021
256,Dan Arnold,2TM,WR,26,11,4,0,0,0,0,0,0,0,,0,52,35,408,11.66,0,1,1,0,1.0,,41.0,75.8,79.8,58.3,,107,,,,,,,,,,,,,,,,,,,,,,,,,,,,,,,,,,,,,,,,,,,,,,,52.0,35.0,408.0,20.0,220.0,6.3,188.0,5.4,6.5,2.0,17.5,2.0,3.8,0.0,90.9,,2021
263,Calvin Ridley,ATL,WR,27,5,5,0,0,0,0,0,0,0,,0,52,31,281,9.06,2,0,0,2,,,40.0,71.1,74.1,55.6,,108,,,,,,,,,,,,,,,,,,,,,,,,,,,,,,,,,,,,,,,,,,,,,,,52.0,31.0,281.0,16.0,190.0,6.1,91.0,2.9,10.0,1.0,31.0,3.0,5.8,1.0,79.1,,2021
264,Damiere Byrd,CHI,WR,28,17,4,0,0,0,0,0,0,0,,0,38,26,329,12.65,1,1,1,1,1.0,,39.0,64.9,68.9,51.9,,109,,,,,,,,,,,,,,,,,,,,,,,,,,,,,,,,,,,,,,,,,,,,,,,38.0,26.0,329.0,18.0,213.0,8.2,116.0,4.5,8.6,1.0,26.0,2.0,5.3,2.0,82.0,,2021
266,Ashton Dulin,IND,WR,24,17,1,0,0,0,0,0,3,32,10.67,0,22,13,173,13.31,2,0,0,3,,,39.0,51.5,54.5,45.0,,111,,,,,,,,,,,,,,,,,,,,,,,,,,,,,,,,,,,,,,3.0,32.0,1.0,27.0,9.0,5.0,1.7,1.0,3.0,22.0,13.0,173.0,9.0,123.0,9.5,50.0,3.8,13.8,0.0,,2.0,9.1,0.0,114.4,AP-2,2021
271,Antoine Wesley,ARI,WR,24,15,4,0,0,0,0,0,0,0,,0,32,19,208,10.95,3,0,0,3,,,39.0,57.8,60.8,48.3,,110,,,,,,,,,,,,,,,,,,,,,,,,,,,,,,,,,,,,,,,,,,,,,,,32.0,19.0,208.0,9.0,147.0,7.7,61.0,3.2,10.5,0.0,,1.0,3.1,1.0,96.9,,2021
273,Adam Humphries,WAS,WR,28,17,11,0,0,0,0,0,0,0,,0,62,41,383,9.34,0,0,0,0,,,38.0,79.3,82.3,58.8,,112,,,,,,,,,,,,,,,,,,,,,,,,,,,,,,,,,,,,,,,,,,,,,,,62.0,41.0,383.0,23.0,233.0,5.7,150.0,3.7,6.7,2.0,20.5,3.0,4.8,2.0,69.5,,2021
276,Marquise Goodwin,CHI,WR,31,14,2,0,0,0,0,0,2,-1,-0.5,0,40,20,313,15.65,1,1,0,1,,,37.0,57.2,60.2,47.2,,113,,,,,,,,,,,,,,,,,,,,,,,,,,,,,,,,,,,,,,2.0,-1.0,0.0,-2.0,-1.0,1.0,0.5,0.0,,40.0,20.0,313.0,12.0,230.0,11.5,83.0,4.2,11.9,0.0,,2.0,5.0,1.0,74.3,,2021
278,Lil'Jordan Humphrey,NOR,WR,23,10,4,0,0,0,0,0,0,0,,0,18,13,249,19.15,2,0,0,2,,,37.0,49.9,52.9,43.4,,114,,,,,,,,,,,,,,,,,,,,,,,,,,,,,,,,,,,,,,,,,,,,,,,18.0,13.0,249.0,9.0,148.0,11.4,101.0,7.8,10.7,1.0,13.0,0.0,0.0,1.0,128.2,,2021
282,Tyler Johnson,TAM,WR,23,17,3,0,0,0,0,0,0,0,,0,55,36,360,10.0,0,0,0,0,,,36.0,72.0,75.0,54.0,,115,,,,,,,,,,,,,,,,,,,,,,,,,,,,,,,,,,,,,,,,,,,,,,,55.0,36.0,360.0,14.0,223.0,6.2,137.0,3.8,7.9,2.0,18.0,4.0,7.3,0.0,83.9,,2021
288,Cyril Grayson,TAM,WR,28,5,3,0,0,0,0,0,1,14,14.0,0,12,10,212,21.2,2,0,0,2,,,35.0,44.6,47.6,39.6,,118,,,,,,,,,,,,,,,,,,,,,,,,,,,,,,,,,,,,,,1.0,14.0,1.0,14.0,14.0,0.0,0.0,0.0,,12.0,10.0,212.0,8.0,142.0,14.2,70.0,7.0,15.4,0.0,,0.0,0.0,0.0,158.3,,2021
289,Chris Moore,HOU,WR,28,12,1,0,0,0,0,0,0,0,,0,22,21,227,10.81,2,0,0,2,,,35.0,55.7,58.7,45.2,,117,,,,,,,,,,,,,,,,,,,,,,,,,,,,,,,,,,,,,,,,,,,,,,,22.0,21.0,227.0,6.0,77.0,3.7,150.0,7.1,4.1,1.0,21.0,0.0,0.0,0.0,140.0,,2021
291,Chester Rogers,TEN,WR,27,16,2,0,0,0,0,0,1,9,9.0,0,43,30,301,10.03,1,4,1,1,,,35.0,65.0,69.0,50.0,,116,,,,,,,,,,,,,,,,,,,,,,,,,,,,,,,,,,,,,,1.0,9.0,0.0,5.0,5.0,4.0,4.0,0.0,,43.0,30.0,301.0,12.0,198.0,6.6,103.0,3.4,7.5,0.0,,2.0,4.7,1.0,87.5,,2021
292,Quintez Cephus,DET,WR,23,5,3,0,0,0,0,0,0,0,,0,22,15,204,13.6,2,0,0,2,1.0,,34.0,49.4,52.4,41.9,,119,,,,,,,,,,,,,,,,,,,,,,,,,,,,,,,,,,,,,,,,,,,,,,,22.0,15.0,204.0,9.0,109.0,7.3,95.0,6.3,11.4,2.0,7.5,0.0,0.0,0.0,127.8,,2021
293,Rashard Higgins,CLE,WR,27,15,4,0,0,0,0,0,0,0,,0,47,24,275,11.46,1,0,0,1,,,34.0,57.5,60.5,45.5,,121,,,,,,,,,,,,,,,,,,,,,,,,,,,,,,,,,,,,,,,,,,,,,,,47.0,24.0,275.0,16.0,228.0,9.5,47.0,2.0,11.5,0.0,,3.0,6.4,1.0,67.2,,2021
297,Cam Sims,WAS,WR,25,14,3,0,0,0,0,0,1,7,7.0,0,23,15,211,14.07,2,0,0,2,,,34.0,48.8,51.8,41.3,,120,,,,,,,,,,,,,,,,,,,,,,,,,,,,,,,,,,,,,,1.0,7.0,0.0,5.0,5.0,2.0,2.0,0.0,,23.0,15.0,211.0,11.0,169.0,11.3,42.0,2.8,11.7,1.0,15.0,1.0,4.3,1.0,105.5,,2021
300,Isaiah McKenzie,BUF,WR,26,15,2,0,0,0,0,0,9,47,5.22,1,26,20,178,8.9,1,2,1,2,,,33.0,52.5,56.5,42.5,,123,,,,,,,,,,,,,,,,,,,,,,,,,,,,,,,,,,,,,,9.0,47.0,4.0,32.0,3.6,15.0,1.7,0.0,,26.0,20.0,178.0,13.0,97.0,4.9,81.0,4.1,6.0,1.0,20.0,3.0,11.5,0.0,107.5,,2021
302,Malik Turner,DAL,WR,25,14,0,0,0,0,0,0,0,0,,0,16,12,149,12.42,3,0,0,3,,,33.0,44.9,47.9,38.9,,122,,,,,,,,,,,,,,,,,,,,,,,,,,,,,,,,,,,,,,,,,,,,,,,16.0,12.0,149.0,8.0,75.0,6.3,74.0,6.2,9.3,2.0,6.0,1.0,6.3,1.0,116.9,,2021
308,Brandon Zylstra,CAR,WR,28,13,3,0,1,0,0,0,0,0,,0,25,18,250,13.89,1,0,0,1,,,31.0,49.0,52.0,40.0,,124,,,,0.0,1.0,13.0,13.0,0.0,,0.0,0.0,,0.0,0.0,0.0,0.0,0.0,1.0,100.0,0.0,0.0,1.2,0.0,0.0,0.0,0.0,0.0,0.0,,0.0,0.0,0.0,0.0,0.0,0.0,0.0,0.0,,,,,,,,,,25.0,18.0,250.0,10.0,132.0,7.3,118.0,6.6,10.5,1.0,18.0,0.0,0.0,0.0,117.1,,2021
309,John Ross,NYG,WR,26,10,1,0,0,0,0,0,1,16,16.0,0,20,11,224,20.36,1,1,0,1,,,30.0,41.0,44.0,35.5,,125,,,,,,,,,,,,,,,,,,,,,,,,,,,,,,,,,,,,,,1.0,16.0,1.0,13.0,13.0,3.0,3.0,0.0,,20.0,11.0,224.0,8.0,185.0,16.8,39.0,3.5,15.7,1.0,11.0,1.0,5.0,0.0,111.2,,2021
311,Jakeem Grant,2TM,WR,29,15,0,0,0,0,0,0,5,33,6.6,0,17,11,132,12.0,2,3,3,3,,,29.0,39.5,45.5,34.0,,126,,,1.0,,,,,,,,,,,,,,,,,,,,,,,,,,,,,,,,,,,5.0,33.0,2.0,19.0,3.8,14.0,2.8,2.0,2.5,17.0,11.0,132.0,7.0,29.0,2.6,103.0,9.4,4.7,3.0,3.7,2.0,11.8,1.0,103.1,"PB,AP-2",2021
313,Isaiah Ford,MIA,WR,25,13,2,0,0,0,0,0,0,0,,0,17,12,161,13.42,2,0,0,2,,,28.0,40.1,43.1,34.1,,127,,,,,,,,,,,,,,,,,,,,,,,,,,,,,,,,,,,,,,,,,,,,,,,17.0,12.0,161.0,7.0,101.0,8.4,60.0,5.0,8.1,1.0,12.0,0.0,0.0,0.0,139.6,,2021
315,Greg Ward,PHI,WR,26,17,0,1,2,2,0,0,0,0,,0,11,7,95,13.57,3,0,0,3,,,28.0,34.6,34.6,31.1,,128,,,,1.0,2.0,2.0,1.0,-1.0,-1.0,-0.5,3.0,3.0,0.0,0.0,0.0,0.0,0.0,1.0,50.0,1.0,50.0,2.1,0.0,0.0,0.0,0.0,0.0,0.0,,1.0,2.0,1.0,2.0,0.0,0.0,1.0,2.0,,,,,,,,,,11.0,7.0,95.0,4.0,79.0,11.3,16.0,2.3,7.7,0.0,,2.0,18.2,0.0,130.7,,2021
317,Tavon Austin,JAX,WR,31,13,3,0,0,0,0,0,3,21,7.0,0,37,24,213,8.88,1,1,1,1,,,27.0,51.4,55.4,39.4,,129,,,,,,,,,,,,,,,,,,,,,,,,,,,,,,,,,,,,,,3.0,21.0,1.0,20.0,6.7,1.0,0.3,0.0,,37.0,24.0,213.0,11.0,154.0,6.4,59.0,2.5,8.9,1.0,24.0,2.0,5.4,3.0,55.3,,2021
318,DJ Chark,JAX,WR,25,4,4,0,0,0,0,0,0,0,,0,22,7,154,22.0,2,0,0,2,,,27.0,34.4,37.4,30.9,,130,,,,,,,,,,,,,,,,,,,,,,,,,,,,,,,,,,,,,,,,,,,,,,,22.0,7.0,154.0,7.0,130.0,18.6,24.0,3.4,16.3,0.0,,1.0,4.5,1.0,69.1,,2021
320,Ray-Ray McCloud,PIT,WR,25,16,5,0,0,0,0,0,2,15,7.5,0,66,39,277,7.1,0,4,1,0,,,27.0,66.2,70.2,46.7,,131,,,,,,,,,,,,,,,,,,,,,,,,,,,,,,,,,,,,,,2.0,15.0,0.0,10.0,5.0,5.0,2.5,1.0,2.0,66.0,39.0,277.0,18.0,167.0,4.3,110.0,2.8,6.4,2.0,19.5,6.0,9.1,2.0,56.2,,2021
328,Kendall Hinton,DEN,WR,24,16,1,1,1,1,0,0,0,0,,0,23,15,175,11.67,1,0,0,1,,,24.0,38.5,41.5,31.0,,133,,,,1.0,1.0,-5.0,-5.0,-5.0,-5.0,-5.0,6.0,6.0,0.0,0.0,0.0,0.0,0.0,0.0,0.0,1.0,100.0,0.9,0.0,0.0,1.0,1.0,100.0,0.0,,1.0,1.0,1.0,1.0,0.0,0.0,1.0,1.0,,,,,,,,,,23.0,15.0,175.0,10.0,118.0,7.9,57.0,3.8,8.0,1.0,15.0,1.0,4.3,1.0,84.5,,2021
330,Ihmir Smith-Marsette,MIN,WR,22,8,1,0,0,0,0,0,0,0,,0,6,5,116,23.2,2,0,0,2,,,24.0,28.6,31.6,26.1,,132,,,,,,,,,,,,,,,,,,,,,,,,,,,,,,,,,,,,,,,,,,,,,,,6.0,5.0,116.0,4.0,99.0,19.8,17.0,3.4,21.3,0.0,,0.0,0.0,0.0,158.3,,2021
337,Anthony Schwartz,CLE,WR,21,14,2,0,0,0,0,0,6,39,6.5,0,23,10,135,13.5,1,0,0,1,,,23.0,33.4,36.4,28.4,,134,,,,,,,,,,,,,,,,,,,,,,,,,,,,,,,,,,,,,,6.0,39.0,4.0,36.0,6.0,3.0,0.5,0.0,,23.0,10.0,135.0,6.0,125.0,12.5,10.0,1.0,17.2,0.0,,1.0,4.3,1.0,59.1,,2021
338,Tajae Sharpe,ATL,WR,27,15,7,0,0,0,0,0,0,0,,0,37,25,230,9.2,0,0,0,0,,,23.0,48.0,51.0,35.5,,135,,,,,,,,,,,,,,,,,,,,,,,,,,,,,,,,,,,,,,,,,,,,,,,37.0,25.0,230.0,14.0,161.0,6.4,69.0,2.8,9.4,0.0,,1.0,2.7,0.0,84.3,,2021
339,Albert Wilson,MIA,WR,29,14,5,0,1,0,0,0,4,17,4.25,0,39,25,213,8.52,0,0,0,0,,,23.0,48.0,51.0,35.5,,136,,,,0.0,1.0,5.0,5.0,0.0,,0.0,0.0,,0.0,0.0,0.0,1.0,100.0,0.0,0.0,1.0,100.0,1.5,2.0,0.0,0.0,1.0,50.0,0.0,,0.0,0.0,0.0,0.0,0.0,0.0,1.0,0.0,4.0,17.0,1.0,-3.0,-0.8,20.0,5.0,2.0,2.0,39.0,25.0,213.0,10.0,70.0,2.8,143.0,5.7,5.4,4.0,6.3,4.0,10.3,1.0,67.6,,2021
341,Parris Campbell,IND,WR,24,6,3,0,0,0,0,0,0,0,,0,20,10,162,16.2,1,0,0,1,,,22.0,32.2,35.2,27.2,,138,,,,,,,,,,,,,,,,,,,,,,,,,,,,,,,,,,,,,,,,,,,,,,,20.0,10.0,162.0,7.0,145.0,14.5,17.0,1.7,16.7,0.0,,0.0,0.0,0.0,94.2,,2021
344,Breshad Perriman,TAM,WR,28,6,0,0,0,0,0,0,1,-3,-3.0,0,18,11,167,15.18,1,0,0,1,,,22.0,33.4,36.4,27.9,,137,,,,,,,,,,,,,,,,,,,,,,,,,,,,,,,,,,,,,,1.0,-3.0,0.0,-3.0,-3.0,0.0,0.0,0.0,,18.0,11.0,167.0,5.0,65.0,5.9,102.0,9.3,8.4,1.0,11.0,1.0,5.6,0.0,110.2,,2021
351,James Proche,BAL,WR,25,14,0,0,0,0,0,0,0,0,,0,20,16,202,12.63,0,0,0,0,,,20.0,36.2,39.2,28.2,,139,,,,,,,,,,,,,,,,,,,,,,,,,,,,,,,,,,,,,,,,,,,,,,,20.0,16.0,202.0,10.0,147.0,9.2,55.0,3.4,9.6,0.0,,0.0,0.0,1.0,87.9,,2021
352,JuJu Smith-Schuster,PIT,WR,25,5,5,0,0,0,0,0,3,9,3.0,1,28,15,129,8.6,0,0,0,1,,,20.0,34.8,37.8,27.3,,140,,,,,,,,,,,,,,,,,,,,,,,,,,,,,,,,,,,,,,3.0,9.0,1.0,5.0,1.7,4.0,1.3,1.0,3.0,28.0,15.0,129.0,6.0,61.0,4.1,68.0,4.5,6.5,3.0,5.0,0.0,0.0,1.0,51.0,,2021
358,Noah Brown,DAL,WR,25,13,1,0,0,0,0,0,0,0,,0,25,16,184,11.5,0,0,0,0,,,18.0,34.4,37.4,26.4,,141,,,,,,,,,,,,,,,,,,,,,,,,,,,,,,,,,,,,,,,,,,,,,,,25.0,16.0,184.0,6.0,116.0,7.3,68.0,4.3,9.1,1.0,16.0,1.0,4.0,0.0,86.1,,2021
359,D'Wayne Eskridge,SEA,WR,24,10,0,0,0,0,0,0,4,59,14.75,0,20,10,64,6.4,1,0,0,1,,,18.0,28.3,28.3,23.3,,142,,,,,,,,,,,,,,,,,,,,,,,,,,,,,,,,,,,,,,4.0,59.0,2.0,42.0,10.5,17.0,4.3,1.0,4.0,20.0,10.0,64.0,4.0,32.0,3.2,32.0,3.2,12.6,2.0,5.0,0.0,0.0,0.0,73.7,,2021
360,KhaDarel Hodge,DET,WR,26,16,1,0,0,0,0,0,0,0,,0,27,13,157,12.08,0,0,0,0,1.0,,18.0,30.7,33.7,24.2,,143,,,,,,,,,,,,,,,,,,,,,,,,,,,,,,,,,,,,,,,,,,,,,,,27.0,13.0,157.0,7.0,120.0,9.2,37.0,2.8,11.3,0.0,,2.0,7.4,2.0,35.6,,2021
362,Mohamed Sanu,SFO,WR,32,8,0,0,0,0,0,0,0,0,,0,24,15,177,11.8,0,0,0,0,,,18.0,32.7,35.7,25.2,,144,,,,,,,,,,,,,,,,,,,,,,,,,,,,,,,,,,,,,,,,,,,,,,,24.0,15.0,177.0,12.0,133.0,8.9,44.0,2.9,9.5,0.0,,1.0,4.2,0.0,84.9,,2021
369,Dyami Brown,WAS,WR,22,15,6,0,0,0,0,0,1,-4,-4.0,0,25,12,165,13.75,0,0,0,0,,,16.0,28.1,31.1,22.1,,147,,,,,,,,,,,,,,,,,,,,,,,,,,,,,,,,,,,,,,1.0,-4.0,0.0,-4.0,-4.0,0.0,0.0,0.0,,25.0,12.0,165.0,6.0,131.0,10.9,34.0,2.8,15.2,1.0,12.0,1.0,4.0,0.0,69.6,,2021
371,N'Keal Harry,NWE,WR,24,12,4,0,0,0,0,0,0,0,,0,22,12,184,15.33,0,1,1,0,,,16.0,28.4,32.4,22.4,,145,,,,,,,,,,,,,,,,,,,,,,,,,,,,,,,,,,,,,,,,,,,,,,,22.0,12.0,184.0,7.0,159.0,13.3,25.0,2.1,14.9,0.0,,1.0,4.5,1.0,63.4,,2021
372,Marcus Johnson,TEN,WR,27,7,3,0,0,0,0,0,2,-2,-1.0,0,19,9,160,17.78,0,0,0,0,,,16.0,24.8,27.8,20.3,,148,,,,,,,,,,,,,,,,,,,,,,,,,,,,,,,,,,,,,,2.0,-2.0,1.0,-6.0,-3.0,4.0,2.0,0.0,,19.0,9.0,160.0,7.0,65.0,7.2,95.0,10.6,9.0,1.0,9.0,0.0,0.0,1.0,54.7,,2021
373,Terrace Marshall Jr.,CAR,WR,21,13,3,0,0,0,0,0,0,0,,0,30,17,138,8.12,0,0,0,0,1.0,,16.0,32.8,35.8,24.3,,149,,,,,,,,,,,,,,,,,,,,,,,,,,,,,,,,,,,,,,,,,,,,,,,30.0,17.0,138.0,7.0,77.0,4.5,61.0,3.6,7.1,1.0,17.0,0.0,0.0,2.0,40.7,,2021
375,Kristian Wilkerson,NWE,WR,24,3,1,0,0,0,0,0,0,0,,0,8,4,42,10.5,2,0,0,2,,,16.0,20.2,20.2,18.2,,146,,,,,,,,,,,,,,,,,,,,,,,,,,,,,,,,,,,,,,,,,,,,,,,8.0,4.0,42.0,2.0,37.0,9.3,5.0,1.3,16.5,1.0,4.0,1.0,12.5,0.0,105.2,,2021
379,Dante Pettis,NYG,WR,26,3,0,1,1,16,0,0,0,0,,0,16,10,87,8.7,1,1,0,1,,,15.0,25.3,25.3,20.3,,150,,,,1.0,1.0,13.0,13.0,13.0,13.0,13.0,3.0,3.0,0.0,0.0,0.0,0.0,0.0,0.0,0.0,1.0,100.0,3.7,0.0,0.0,0.0,0.0,0.0,0.0,,0.0,0.0,0.0,0.0,0.0,0.0,0.0,0.0,,,,,,,,,,16.0,10.0,87.0,5.0,49.0,4.9,38.0,3.8,6.4,0.0,,2.0,12.5,1.0,71.6,,2021
381,Trent Sherfield,SFO,WR,25,17,1,0,0,0,0,0,0,0,,0,20,9,87,9.67,1,0,0,1,,,15.0,23.7,23.7,19.2,,151,,,,,,,,,,,,,,,,,,,,,,,,,,,,,,,,,,,,,,,,,,,,,,,20.0,9.0,87.0,7.0,64.0,7.1,23.0,2.6,8.7,0.0,,1.0,5.0,1.0,53.5,,2021
386,Scott Miller,TAM,WR,24,9,0,0,0,0,0,0,2,43,21.5,1,9,5,38,7.6,0,0,0,1,,,14.0,19.1,19.1,16.6,,152,,,,,,,,,,,,,,,,,,,,,,,,,,,,,,,,,,,,,,2.0,43.0,2.0,43.0,21.5,0.0,0.0,0.0,,9.0,5.0,38.0,2.0,29.0,5.8,9.0,1.8,13.0,0.0,,0.0,0.0,2.0,26.4,,2021
387,Ty Montgomery,NOR,WR,28,14,3,0,0,0,0,0,15,44,2.93,0,26,16,95,5.94,0,0,0,0,,,14.0,29.9,29.9,21.9,,153,,,,,,,,,,,,,,,,,,,,,,,,,,,,,,,,,,,,,,15.0,44.0,2.0,19.0,1.3,25.0,1.7,2.0,7.5,26.0,16.0,95.0,5.0,8.0,0.5,87.0,5.4,1.8,0.0,,2.0,7.7,0.0,68.6,,2021
392,Denzel Mims,NYJ,WR,24,11,3,0,0,0,0,0,0,0,,0,23,8,133,16.63,0,0,0,0,,,13.0,21.3,24.3,17.3,,154,,,,,,,,,,,,,,,,,,,,,,,,,,,,,,,,,,,,,,,,,,,,,,,23.0,8.0,133.0,5.0,84.0,10.5,49.0,6.1,11.7,0.0,,2.0,8.7,0.0,55.2,,2021
394,Ben Skowronek,LAR,WR,24,14,1,0,0,0,0,0,0,0,,0,20,11,133,12.09,0,0,0,0,,,13.0,24.3,27.3,18.8,,155,,,,,,,,,,,,,,,,,,,,,,,,,,,,,,,,,,,,,,,,,,,,,,,20.0,11.0,133.0,7.0,80.0,7.3,53.0,4.8,10.5,1.0,11.0,3.0,15.0,1.0,54.8,,2021
396,Kenny Stills,NOR,WR,29,13,4,0,0,0,0,0,1,1,1.0,0,23,6,68,11.33,1,0,0,1,,,13.0,18.9,18.9,15.9,,156,,,,,,,,,,,,,,,,,,,,,,,,,,,,,,,,,,,,,,1.0,1.0,0.0,1.0,1.0,0.0,0.0,0.0,,23.0,6.0,68.0,4.0,58.0,9.7,10.0,1.7,18.4,0.0,,1.0,4.3,1.0,36.0,,2021
402,Tom Kennedy,DET,WR,25,12,0,1,1,75,1,0,0,0,,0,10,6,54,9.0,0,0,0,0,,,12.0,18.4,18.4,15.4,,157,,,,1.0,1.0,24.0,24.0,24.0,24.0,24.0,51.0,51.0,0.0,0.0,0.0,0.0,0.0,0.0,0.0,1.0,100.0,3.5,0.0,0.0,0.0,0.0,0.0,0.0,,0.0,0.0,0.0,0.0,0.0,0.0,1.0,75.0,,,,,,,,,,10.0,6.0,54.0,2.0,37.0,6.2,17.0,2.8,7.7,1.0,6.0,1.0,10.0,1.0,35.0,,2021
404,Phillip Dorsett,3TM,WR,28,6,0,0,0,0,0,0,1,0,0.0,0,14,7,110,15.71,0,0,0,0,,,11.0,18.0,21.0,14.5,,160,,,,,,,,,,,,,,,,,,,,,,,,,,,,,,,,,,,,,,1.0,0.0,0.0,0.0,0.0,0.0,0.0,0.0,,14.0,7.0,110.0,3.0,83.0,11.9,27.0,3.9,15.0,0.0,,0.0,0.0,0.0,76.5,,2021
406,Dez Fitzpatrick,TEN,WR,24,4,0,0,0,0,0,0,0,0,,0,8,5,49,9.8,1,0,0,1,,,11.0,15.9,15.9,13.4,,161,,,,,,,,,,,,,,,,,,,,,,,,,,,,,,,,,,,,,,,,,,,,,,,8.0,5.0,49.0,4.0,46.0,9.2,3.0,0.6,13.6,0.0,,0.0,0.0,2.0,79.7,,2021
409,Collin Johnson,NYG,WR,24,12,1,0,0,0,0,0,0,0,,0,21,11,105,9.55,0,0,0,0,,,11.0,21.5,24.5,16.0,,162,,,,,,,,,,,,,,,,,,,,,,,,,,,,,,,,,,,,,,,,,,,,,,,21.0,11.0,105.0,6.0,87.0,7.9,18.0,1.6,8.5,2.0,5.5,1.0,4.8,1.0,46.7,,2021
414,Jeff Smith,NYJ,WR,24,12,3,0,0,0,0,0,1,-1,-1.0,0,17,8,113,14.13,0,0,0,0,,,11.0,19.2,22.2,15.2,,158,,,,,,,,,,,,,,,,,,,,,,,,,,,,,,,,,,,,,,1.0,-1.0,0.0,-1.0,-1.0,0.0,0.0,0.0,,17.0,8.0,113.0,6.0,98.0,12.3,15.0,1.9,11.3,0.0,,1.0,5.9,0.0,69.0,,2021
416,Equanimeous St. Brown,GNB,WR,25,13,2,0,0,0,0,0,3,14,4.67,0,17,9,98,10.89,0,0,0,0,,,11.0,20.2,20.2,15.7,,159,,,,,,,,,,,,,,,,,,,,,,,,,,,,,,,,,,,,,,3.0,14.0,2.0,1.0,0.3,13.0,4.3,0.0,,17.0,9.0,98.0,6.0,40.0,4.4,58.0,6.4,10.3,0.0,,1.0,5.9,1.0,45.7,,2021
419,Trinity Benson,DET,WR,24,8,2,0,0,0,0,0,0,0,,0,22,10,103,10.3,0,0,0,0,,,10.0,20.3,23.3,15.3,,163,,,,,,,,,,,,,,,,,,,,,,,,,,,,,,,,,,,,,,,,,,,,,,,22.0,10.0,103.0,4.0,52.0,5.2,51.0,5.1,7.5,0.0,,3.0,13.6,1.0,40.5,,2021
422,Chris Hogan,NOR,WR,34,5,1,0,0,0,0,0,0,0,,0,8,4,41,10.25,1,0,0,1,,,10.0,14.1,14.1,12.1,,164,,,,,,,,,,,,,,,,,,,,,,,,,,,,,,,,,,,,,,,,,,,,,,,8.0,4.0,41.0,2.0,20.0,5.0,21.0,5.3,5.1,0.0,,0.0,0.0,0.0,104.7,,2021
424,Shi Smith,CAR,WR,23,6,0,0,0,0,0,0,1,-3,-3.0,0,11,6,104,17.33,0,0,0,0,,,10.0,16.1,19.1,13.1,,165,,,,,,,,,,,,,,,,,,,,,,,,,,,,,,,,,,,,,,1.0,-3.0,0.0,-3.0,-3.0,0.0,0.0,0.0,,11.0,6.0,104.0,3.0,33.0,5.5,71.0,11.8,6.7,0.0,,0.0,0.0,1.0,49.1,,2021
426,Auden Tate,CIN,WR,24,7,0,0,0,0,0,0,0,0,,0,4,3,39,13.0,1,0,0,1,,,10.0,12.9,12.9,11.4,,166,,,,,,,,,,,,,,,,,,,,,,,,,,,,,,,,,,,,,,,,,,,,,,,4.0,3.0,39.0,3.0,18.0,6.0,21.0,7.0,11.3,2.0,1.5,0.0,0.0,1.0,105.2,,2021
427,Cameron Batson,TEN,WR,26,4,0,0,0,0,0,0,2,15,7.5,0,5,2,15,7.5,1,0,0,1,,,9.0,11.0,11.0,10.0,,168,,,,,,,,,,,,,,,,,,,,,,,,,,,,,,,,,,,,,,2.0,15.0,1.0,11.0,5.5,4.0,2.0,0.0,,5.0,2.0,15.0,2.0,14.0,7.0,1.0,0.5,16.8,0.0,,0.0,0.0,0.0,87.5,,2021
428,Josh Gordon,KAN,WR,30,12,7,0,0,0,0,0,0,0,,0,14,5,32,6.4,1,0,0,1,,,9.0,14.2,14.2,11.7,,167,,,,,,,,,,,,,,,,,,,,,,,,,,,,,,,,,,,,,,,,,,,,,,,14.0,5.0,32.0,3.0,27.0,5.4,5.0,1.0,10.9,0.0,,2.0,14.3,2.0,28.6,,2021
433,Anthony Miller,2TM,WR,27,3,1,0,0,0,0,0,0,0,,0,12,6,25,4.17,1,0,0,1,,,9.0,14.5,14.5,11.5,,169,,,,,,,,,,,,,,,,,,,,,,,,,,,,,,,,,,,,,,,,,,,,,,,12.0,6.0,25.0,3.0,15.0,2.5,10.0,1.7,6.3,0.0,,0.0,0.0,2.0,44.4,,2021
440,Dezmon Patmon,IND,WR,23,8,0,0,0,0,0,0,0,0,,0,4,2,21,10.5,1,0,0,1,,,8.0,10.1,10.1,9.1,,170,,,,,,,,,,,,,,,,,,,,,,,,,,,,,,,,,,,,,,,,,,,,,,,4.0,2.0,21.0,1.0,18.0,9.0,3.0,1.5,9.0,0.0,,0.0,0.0,0.0,105.2,,2021
443,Preston Williams,MIA,WR,24,8,3,0,0,0,0,0,1,7,7.0,0,16,6,71,11.83,0,0,0,0,,,8.0,13.8,13.8,10.8,,171,,,,,,,,,,,,,,,,,,,,,,,,,,,,,,,,,,,,,,1.0,7.0,0.0,3.0,3.0,4.0,4.0,1.0,1.0,16.0,6.0,71.0,3.0,33.0,5.5,38.0,6.3,8.2,2.0,3.0,3.0,18.8,0.0,51.8,,2021
444,KJ Hamler,DEN,WR,22,3,2,0,0,0,0,0,0,0,,0,10,5,74,14.8,0,0,0,0,,,7.0,12.4,12.4,9.9,,172,,,,,,,,,,,,,,,,,,,,,,,,,,,,,,,,,,,,,,,,,,,,,,,10.0,5.0,74.0,4.0,58.0,11.6,16.0,3.2,20.1,0.0,,1.0,10.0,0.0,74.6,,2021
446,Andre Roberts,2TM,WR,33,16,0,0,0,0,0,0,3,19,6.33,0,2,1,35,35.0,0,3,2,1,,,7.0,8.4,10.4,7.9,,173,,,,,,,,,,,,,,,,,,,,,,,,,,,,,,,,,,,,,,3.0,19.0,0.0,16.0,5.3,3.0,1.0,0.0,,2.0,1.0,35.0,1.0,19.0,19.0,16.0,16.0,14.5,0.0,,0.0,0.0,1.0,56.2,AP-2,2021
449,Dede Westbrook,MIN,WR,28,15,0,0,0,0,0,0,0,0,,0,15,10,68,6.8,0,2,0,0,,,7.0,16.8,16.8,11.8,,174,,,,,,,,,,,,,,,,,,,,,,,,,,,,,,,,,,,,,,,,,,,,,,,15.0,10.0,68.0,3.0,51.0,5.1,17.0,1.7,7.3,0.0,,0.0,0.0,0.0,76.5,,2021
450,C.J. Board,NYG,WR,28,6,1,0,0,0,0,0,1,6,6.0,0,6,4,51,12.75,0,0,0,0,,,6.0,9.7,9.7,7.7,,179,,,,,,,,,,,,,,,,,,,,,,,,,,,,,,,,,,,,,,1.0,6.0,0.0,4.0,4.0,2.0,2.0,0.0,,6.0,4.0,51.0,3.0,38.0,9.5,13.0,3.3,17.0,0.0,,0.0,0.0,1.0,53.5,,2021
452,Ja'Marcus Bradley,CLE,WR,25,5,0,0,0,0,0,0,0,0,,0,4,4,64,16.0,0,0,0,0,,,6.0,10.4,10.4,8.4,,175,,,,,,,,,,,,,,,,,,,,,,,,,,,,,,,,,,,,,,,,,,,,,,,4.0,4.0,64.0,2.0,48.0,12.0,16.0,4.0,12.0,0.0,,0.0,0.0,0.0,118.7,,2021
453,Alex Erickson,CAR,WR,29,17,0,0,0,0,0,0,0,0,,0,4,3,55,18.33,0,0,0,0,,,6.0,8.5,8.5,7.0,,182,,,,,,,,,,,,,,,,,,,,,,,,,,,,,,,,,,,,,,,,,,,,,,,4.0,3.0,55.0,2.0,25.0,8.3,30.0,10.0,8.3,0.0,,0.0,0.0,0.0,116.7,,2021
455,Penny Hart,SEA,WR,25,17,0,0,0,0,0,0,0,0,,0,12,7,59,8.43,0,0,0,0,,,6.0,12.9,12.9,9.4,,178,,,,,,,,,,,,,,,,,,,,,,,,,,,,,,,,,,,,,,,,,,,,,,,12.0,7.0,59.0,3.0,18.0,2.6,41.0,5.9,9.0,0.0,,1.0,8.3,0.0,71.2,,2021
456,Dax Milne,WAS,WR,22,13,1,0,0,0,0,0,1,1,1.0,0,14,9,83,9.22,0,1,1,0,,,6.0,15.4,16.4,10.9,,176,,,,,,,,,,,,,,,,,,,,,,,,,,,,,,,,,,,,,,1.0,1.0,0.0,1.0,1.0,0.0,0.0,0.0,,14.0,9.0,83.0,4.0,49.0,5.4,34.0,3.8,7.6,0.0,,0.0,0.0,0.0,80.4,,2021
457,Jason Moore,LAC,WR,26,2,1,0,0,0,0,0,0,0,,0,4,3,56,18.67,0,0,0,0,,,6.0,8.6,8.6,7.1,,180,,,,,,,,,,,,,,,,,,,,,,,,,,,,,,,,,,,,,,,,,,,,,,,4.0,3.0,56.0,3.0,30.0,10.0,26.0,8.7,15.0,0.0,,0.0,0.0,0.0,116.7,,2021
458,Brandon Powell,LAR,WR,26,6,0,0,0,0,0,0,0,0,,0,0,0,0,,0,0,0,1,,,6.0,6.0,6.0,6.0,,177,,,,,,,,,,,,,,,,,,,,,,,,,,,,,,,,,,,,,,,,,,,,,,,,,,,,,,,,,,,,,,,2021
459,Amari Rodgers,GNB,WR,22,16,1,0,0,0,0,0,1,11,11.0,0,8,4,45,11.25,0,2,0,0,,,6.0,9.6,9.6,7.6,,181,,,,,,,,,,,,,,,,,,,,,,,,,,,,,,,,,,,,,,1.0,11.0,1.0,6.0,6.0,5.0,5.0,0.0,,8.0,4.0,45.0,2.0,21.0,5.3,24.0,6.0,5.0,1.0,4.0,1.0,12.5,1.0,27.6,,2021
462,Jaelon Darden,TAM,WR,22,9,0,0,0,0,0,0,1,11,11.0,0,12,6,43,7.17,0,0,0,0,,,5.0,11.4,11.4,8.4,,183,,,,,,,,,,,,,,,,,,,,,,,,,,,,,,,,,,,,,,1.0,11.0,1.0,10.0,10.0,1.0,1.0,0.0,,12.0,6.0,43.0,1.0,19.0,3.2,24.0,4.0,13.0,0.0,,0.0,0.0,1.0,24.0,,2021
463,Will Fuller,MIA,WR,27,2,0,0,0,0,0,0,0,0,,0,8,4,26,6.5,0,0,0,0,1.0,,5.0,8.6,8.6,6.6,,185,,,,,,,,,,,,,,,,,,,,,,,,,,,,,,,,,,,,,,,,,,,,,,,8.0,4.0,26.0,3.0,16.0,4.0,10.0,2.5,16.4,1.0,4.0,0.0,0.0,0.0,57.3,,2021
468,Mike Thomas,CIN,WR,27,12,1,0,0,0,0,0,0,0,,0,11,5,52,10.4,0,0,0,0,,,5.0,10.2,10.2,7.7,,184,,,,,,,,,,,,,,,,,,,,,,,,,,,,,,,,,,,,,,,,,,,,,,,11.0,5.0,52.0,3.0,39.0,7.8,13.0,2.6,9.9,0.0,,0.0,0.0,0.0,59.7,,2021
470,JJ Arcega-Whiteside,PHI,WR,25,16,2,0,0,0,0,0,0,0,,0,5,2,36,18.0,0,0,0,0,,,4.0,5.6,5.6,4.6,,193,,,,,,,,,,,,,,,,,,,,,,,,,,,,,,,,,,,,,,,,,,,,,,,5.0,2.0,36.0,2.0,7.0,3.5,29.0,14.5,8.2,0.0,,3.0,60.0,1.0,25.8,,2021
473,Pharoh Cooper,NYG,WR,26,8,0,0,0,0,0,0,1,3,3.0,0,11,4,33,8.25,0,0,0,0,,,4.0,7.6,7.6,5.6,,194,,,,,,,,,,,,,,,,,,,,,,,,,,,,,,,,,,,,,,1.0,3.0,0.0,3.0,3.0,0.0,0.0,0.0,,11.0,4.0,33.0,1.0,26.0,6.5,7.0,1.8,7.1,0.0,,0.0,0.0,1.0,7.0,,2021
475,Greg Dortch,ARI,WR,23,5,2,0,0,0,0,0,1,24,24.0,0,3,3,15,5.0,0,0,0,0,,,4.0,6.9,6.9,5.4,,188,,,,,,,,,,,,,,,,,,,,,,,,,,,,,,,,,,,,,,1.0,24.0,1.0,23.0,23.0,1.0,1.0,0.0,,3.0,3.0,15.0,0.0,-16.0,-5.3,31.0,10.3,-5.3,0.0,,0.0,0.0,0.0,87.5,,2021
480,D.J. Montgomery,NYJ,WR,25,3,0,0,0,0,0,0,0,0,,0,6,3,36,12.0,0,0,0,0,,,4.0,6.6,6.6,5.1,,195,,,,,,,,,,,,,,,,,,,,,,,,,,,,,,,,,,,,,,,,,,,,,,,6.0,3.0,36.0,2.0,21.0,7.0,15.0,5.0,6.5,0.0,,0.0,0.0,0.0,68.7,,2021
481,Gunner Olszewski,NWE,WR,25,16,0,0,0,0,0,0,1,9,9.0,0,3,2,31,15.5,0,3,0,0,,,4.0,6.0,6.0,5.0,,187,,,,,,,,,,,,,,,,,,,,,,,,,,,,,,,,,,,,,,1.0,9.0,0.0,6.0,6.0,3.0,3.0,0.0,,3.0,2.0,31.0,2.0,17.0,8.5,14.0,7.0,9.7,1.0,2.0,0.0,0.0,0.0,100.7,,2021
482,Curtis Samuel,WAS,WR,25,5,1,0,0,0,0,0,4,11,2.75,0,9,6,27,4.5,0,0,0,0,,,4.0,9.8,9.8,6.8,,189,,,,,,,,,,,,,,,,,,,,,,,,,,,,,,,,,,,,,,4.0,11.0,0.0,7.0,1.8,4.0,1.0,0.0,,9.0,6.0,27.0,4.0,-13.0,-2.2,40.0,6.7,2.3,0.0,,0.0,0.0,1.0,30.6,,2021
483,Willie Snead,2TM,WR,29,9,0,0,0,0,0,0,0,0,,0,8,4,38,9.5,0,0,0,0,,,4.0,7.8,7.8,5.8,,190,,,,,,,,,,,,,,,,,,,,,,,,,,,,,,,,,,,,,,,,,,,,,,,8.0,4.0,38.0,3.0,26.0,6.5,12.0,3.0,8.4,1.0,4.0,1.0,12.5,1.0,24.0,,2021
484,Trent Taylor,CIN,WR,27,4,0,0,0,0,0,0,0,0,,0,3,2,41,20.5,0,0,0,0,,,4.0,6.1,6.1,5.1,,186,,,,,,,,,,,,,,,,,,,,,,,,,,,,,,,,,,,,,,,,,,,,,,,3.0,2.0,41.0,2.0,34.0,17.0,7.0,3.5,11.3,0.0,,0.0,0.0,0.0,109.7,,2021
486,Kevin White,NOR,WR,29,6,1,0,0,0,0,0,0,0,,0,5,1,38,38.0,0,0,0,0,,,4.0,4.8,4.8,4.3,,191,,,,,,,,,,,,,,,,,,,,,,,,,,,,,,,,,,,,,,,,,,,,,,,5.0,1.0,38.0,1.0,29.0,29.0,9.0,9.0,24.4,0.0,,1.0,20.0,0.0,58.7,,2021
487,Juwann Winfree,GNB,WR,25,7,0,0,0,0,0,0,0,0,,0,13,8,58,7.25,0,2,1,0,,,4.0,11.8,12.8,7.8,,192,,,,,,,,,,,,,,,,,,,,,,,,,,,,,,,,,,,,,,,,,,,,,,,13.0,8.0,58.0,5.0,27.0,3.4,31.0,3.9,5.8,1.0,8.0,1.0,7.7,0.0,72.0,,2021
489,Christian Blake,ATL,WR,25,16,0,0,0,0,0,0,0,0,,0,9,4,25,6.25,0,0,0,0,,,3.0,6.5,6.5,4.5,,203,,,,,,,,,,,,,,,,,,,,,,,,,,,,,,,,,,,,,,,,,,,,,,,9.0,4.0,25.0,2.0,23.0,5.8,2.0,0.5,6.4,0.0,,1.0,11.1,0.0,51.6,,2021
490,Daniel Brown,NYJ,WR,29,12,0,0,0,0,0,0,0,0,,0,2,2,29,14.5,0,0,0,0,,,3.0,4.9,4.9,3.9,,200,,,,,,,,,,,,,,,,,,,,,,,,,,,,,,,,,,,,,,,,,,,,,,,2.0,2.0,29.0,1.0,7.0,3.5,22.0,11.0,3.5,0.0,,0.0,0.0,0.0,118.7,,2021
495,Cody Hollister,TEN,WR,28,3,1,0,0,0,0,0,0,0,,0,7,4,33,8.25,0,0,0,0,,,3.0,7.3,7.3,5.3,,198,,,,,,,,,,,,,,,,,,,,,,,,,,,,,,,,,,,,,,,,,,,,,,,7.0,4.0,33.0,4.0,16.0,4.0,17.0,4.3,10.3,0.0,,0.0,0.0,1.0,29.8,,2021
497,Trenton Irwin,CIN,WR,26,7,0,0,0,0,0,0,0,0,,0,5,2,34,17.0,0,0,0,0,,,3.0,5.4,5.4,4.4,,196,,,,,,,,,,,,,,,,,,,,,,,,,,,,,,,,,,,,,,,,,,,,,,,5.0,2.0,34.0,1.0,6.0,3.0,28.0,14.0,12.6,0.0,,0.0,0.0,0.0,63.7,,2021
498,Jake Kumerow,BUF,WR,29,15,2,0,0,0,0,0,0,0,,0,6,2,28,14.0,0,0,0,0,,,3.0,4.8,4.8,3.8,,201,,,,,,,,,,,,,,,,,,,,,,,,,,,,,,,,,,,,,,,,,,,,,,,6.0,2.0,28.0,2.0,21.0,10.5,7.0,3.5,14.3,0.0,,1.0,16.7,0.0,49.3,,2021
504,Mike Strachan,IND,WR,24,6,0,0,0,0,0,0,0,0,,0,3,2,26,13.0,0,0,0,0,,,3.0,4.6,4.6,3.6,,202,,,,,,,,,,,,,,,,,,,,,,,,,,,,,,,,,,,,,,,,,,,,,,,3.0,2.0,26.0,2.0,26.0,13.0,0.0,0.0,18.0,0.0,,0.0,0.0,0.0,93.7,,2021
506,Cody White,PIT,WR,23,15,0,0,0,0,0,0,0,0,,0,6,5,33,6.6,0,0,0,0,,,3.0,8.3,8.3,5.8,,199,,,,,,,,,,,,,,,,,,,,,,,,,,,,,,,,,,,,,,,,,,,,,,,6.0,5.0,33.0,3.0,19.0,3.8,14.0,2.8,6.3,0.0,,1.0,16.7,0.0,89.6,,2021
507,Seth Williams,DEN,WR,21,2,1,0,0,0,0,0,0,0,,0,1,1,34,34.0,0,0,0,0,,,3.0,4.4,4.4,3.9,,197,,,,,,,,,,,,,,,,,,,,,,,,,,,,,,,,,,,,,,,,,,,,,,,1.0,1.0,34.0,1.0,30.0,30.0,4.0,4.0,30.0,0.0,,0.0,0.0,0.0,118.7,,2021
514,Davion Davis,HOU,WR,25,2,1,0,0,0,0,0,0,0,,0,3,1,17,17.0,0,0,0,0,,,2.0,2.7,2.7,2.2,,207,,,,,,,,,,,,,,,,,,,,,,,,,,,,,,,,,,,,,,,,,,,,,,,3.0,1.0,17.0,1.0,4.0,4.0,13.0,13.0,5.7,0.0,,0.0,0.0,1.0,13.9,,2021
517,Tyron Johnson,2TM,WR,25,10,0,0,0,0,0,0,0,0,,0,5,2,16,8.0,0,0,0,0,,,2.0,3.6,3.6,2.6,,210,,,,,,,,,,,,,,,,,,,,,,,,,,,,,,,,,,,,,,,,,,,,,,,5.0,2.0,16.0,1.0,7.0,3.5,9.0,4.5,20.4,0.0,,0.0,0.0,1.0,9.2,,2021
518,Marcus Kemp,KAN,WR,26,16,0,0,0,0,0,0,0,0,,0,5,2,24,12.0,0,0,0,0,,,2.0,4.4,4.4,3.4,,204,,,,,,,,,,,,,,,,,,,,,,,,,,,,,,,,,,,,,,,,,,,,,,,5.0,2.0,24.0,1.0,16.0,8.0,8.0,4.0,12.4,0.0,,1.0,20.0,1.0,15.8,,2021
519,Keith Kirkwood,CAR,WR,27,3,0,0,0,0,0,0,0,0,,0,7,3,17,5.67,0,0,0,0,,,2.0,4.7,4.7,3.2,,208,,,,,,,,,,,,,,,,,,,,,,,,,,,,,,,,,,,,,,,,,,,,,,,7.0,3.0,17.0,1.0,0.0,0.0,17.0,5.7,7.7,0.0,,1.0,14.3,0.0,50.3,,2021
522,Dazz Newsome,CHI,WR,22,3,1,0,0,0,0,0,0,0,,0,5,2,23,11.5,0,0,0,0,,,2.0,4.3,4.3,3.3,,205,,,,,,,,,,,,,,,,,,,,,,,,,,,,,,,,,,,,,,,,,,,,,,,5.0,2.0,23.0,1.0,8.0,4.0,15.0,7.5,7.2,0.0,,0.0,0.0,1.0,15.0,,2021
527,David Sills,NYG,WR,25,4,1,0,0,0,0,0,0,0,,0,6,2,17,8.5,0,0,0,0,,,2.0,3.7,3.7,2.7,,209,,,,,,,,,,,,,,,,,,,,,,,,,,,,,,,,,,,,,,,,,,,,,,,6.0,2.0,17.0,1.0,15.0,7.5,2.0,1.0,9.7,0.0,,1.0,16.7,1.0,2.8,,2021
530,Tylan Wallace,BAL,WR,22,17,1,0,0,0,0,0,0,0,,0,6,2,23,11.5,0,0,0,0,,,2.0,4.3,4.3,3.3,,206,,,,,,,,,,,,,,,,,,,,,,,,,,,,,,,,,,,,,,,,,,,,,,,6.0,2.0,23.0,1.0,9.0,4.5,14.0,7.0,5.7,2.0,1.0,0.0,0.0,0.0,45.8,,2021
534,Tarik Black,NYJ,WR,23,1,0,0,0,0,0,0,0,0,,0,2,1,10,10.0,0,0,0,0,,,1.0,2.0,2.0,1.5,,217,,,,,,,,,,,,,,,,,,,,,,,,,,,,,,,,,,,,,,,,,,,,,,,2.0,1.0,10.0,1.0,10.0,10.0,0.0,0.0,9.0,0.0,,1.0,50.0,0.0,64.6,,2021
536,Miles Boykin,BAL,WR,25,8,0,0,0,0,0,0,0,0,,0,1,1,6,6.0,0,0,0,0,,,1.0,1.6,1.6,1.1,,221,,,,,,,,,,,,,,,,,,,,,,,,,,,,,,,,,,,,,,,,,,,,,,,1.0,1.0,6.0,0.0,6.0,6.0,0.0,0.0,6.0,0.0,,0.0,0.0,0.0,91.7,,2021
539,Keke Coutee,IND,WR,24,2,0,0,0,0,0,0,0,0,,0,1,1,5,5.0,0,0,0,0,,,1.0,1.5,1.5,1.0,,222,,,,,,,,,,,,,,,,,,,,,,,,,,,,,,,,,,,,,,,,,,,,,,,1.0,1.0,5.0,0.0,5.0,5.0,0.0,0.0,5.0,0.0,,0.0,0.0,0.0,87.5,,2021
541,Frank Darby,ATL,WR,24,10,0,0,0,0,0,0,0,0,,0,4,1,14,14.0,0,0,0,0,,,1.0,2.4,2.4,1.9,,211,,,,,,,,,,,,,,,,,,,,,,,,,,,,,,,,,,,,,,,,,,,,,,,4.0,1.0,14.0,1.0,3.0,3.0,11.0,11.0,20.8,1.0,1.0,1.0,25.0,0.0,41.7,,2021
545,Marvin Hall,ATL,WR,28,2,0,0,0,0,0,0,0,0,,0,1,1,10,10.0,0,0,0,0,,,1.0,2.0,2.0,1.5,,218,,,,,,,,,,,,,,,,,,,,,,,,,,,,,,,,,,,,,,,,,,,,,,,1.0,1.0,10.0,1.0,5.0,5.0,5.0,5.0,5.0,0.0,,0.0,0.0,0.0,108.3,,2021
549,Andy Isabella,ARI,WR,25,8,0,0,0,0,0,0,0,0,,0,1,1,13,13.0,0,0,0,0,,,1.0,2.3,2.3,1.8,,214,,,,,,,,,,,,,,,,,,,,,,,,,,,,,,,,,,,,,,,,,,,,,,,1.0,1.0,13.0,1.0,6.0,6.0,7.0,7.0,6.0,0.0,,0.0,0.0,0.0,118.7,,2021
551,Tommylee Lewis,MIA,WR,29,2,0,0,0,0,0,0,0,0,,0,2,1,7,7.0,0,0,0,0,,,1.0,1.7,1.7,1.2,,220,,,,,,,,,,,,,,,,,,,,,,,,,,,,,,,,,,,,,,,,,,,,,,,2.0,1.0,7.0,1.0,-4.0,-4.0,11.0,11.0,3.0,0.0,,0.0,0.0,0.0,58.3,,2021
554,Kirk Merritt,MIA,WR,24,2,0,0,0,0,0,0,0,0,,0,3,1,13,13.0,0,0,0,0,,,1.0,2.3,2.3,1.8,,215,,,,,,,,,,,,,,,,,,,,,,,,,,,,,,,,,,,,,,,,,,,,,,,3.0,1.0,13.0,1.0,7.0,7.0,6.0,6.0,18.7,0.0,,1.0,33.3,0.0,47.9,,2021
555,Jaydon Mickens,2TM,WR,27,11,0,0,0,0,0,0,0,0,,0,3,2,10,5.0,0,1,0,0,,,1.0,3.0,3.0,2.0,,219,,,,,,,,,,,,,,,,,,,,,,,,,,,,,,,,,,,,,,,,,,,,,,,3.0,2.0,10.0,1.0,7.0,3.5,3.0,1.5,19.3,0.0,,0.0,0.0,1.0,31.9,,2021
556,Stanley Morgan Jr.,CIN,WR,25,17,1,0,0,0,0,0,1,3,3.0,0,4,2,11,5.5,0,0,0,0,,,1.0,3.4,3.4,2.4,,212,,,,,,,,,,,,,,,,,,,,,,,,,,,,,,,,,,,,,,1.0,3.0,0.0,3.0,3.0,0.0,0.0,0.0,,4.0,2.0,11.0,0.0,-9.0,-4.5,20.0,10.0,8.0,0.0,,0.0,0.0,0.0,56.2,,2021
563,C.J. Saunders,CAR,WR,25,2,0,0,0,0,0,0,0,0,,0,2,2,11,5.5,0,0,0,0,,,1.0,3.1,3.1,2.1,,216,,,,,,,,,,,,,,,,,,,,,,,,,,,,,,,,,,,,,,,,,,,,,,,2.0,2.0,11.0,1.0,11.0,5.5,0.0,0.0,5.5,0.0,,0.0,0.0,0.0,89.6,,2021
566,Tyrell Williams,DET,WR,29,1,1,0,0,0,0,0,0,0,,0,3,2,14,7.0,0,0,0,0,,,1.0,3.4,3.4,2.4,,213,,,,,,,,,,,,,,,,,,,,,,,,,,,,,,,,,,,,,,,,,,,,,,,3.0,2.0,14.0,1.0,6.0,3.0,8.0,4.0,4.3,0.0,,0.0,0.0,0.0,77.1,,2021
567,Easop Winston,NOR,WR,25,3,1,0,0,0,0,0,0,0,,0,1,1,5,5.0,0,0,0,0,,,1.0,1.5,1.5,1.0,,223,,,,,,,,,,,,,,,,,,,,,,,,,,,,,,,,,,,,,,,,,,,,,,,1.0,1.0,5.0,0.0,-4.0,-4.0,9.0,9.0,-4.0,0.0,,0.0,0.0,0.0,87.5,,2021
570,Rodney Adams,CHI,WR,27,1,0,0,0,0,0,0,0,0,,0,1,0,0,,0,0,0,0,,,0.0,0.0,0.0,0.0,,225,,,,,,,,,,,,,,,,,,,,,,,,,,,,,,,,,,,,,,,,,,,,,,,1.0,0.0,0.0,0.0,0.0,,0.0,,15.0,0.0,,1.0,100.0,0.0,39.6,,2021
571,Landen Akers,LAR,WR,24,2,0,0,0,0,0,0,0,0,,0,0,0,0,,0,0,0,0,,,0.0,0.0,0.0,0.0,,226,,,,,,,,,,,,,,,,,,,,,,,,,,,,,,,,,,,,,,,,,,,,,,,,,,,,,,,,,,,,,,,2021
572,Geronimo Allison,DET,WR,27,3,1,0,0,0,0,0,0,0,,0,2,0,0,,0,0,0,0,,,0.0,0.0,0.0,0.0,,227,,,,,,,,,,,,,,,,,,,,,,,,,,,,,,,,,,,,,,,,,,,,,,,2.0,0.0,0.0,0.0,0.0,,0.0,,10.0,0.0,,0.0,0.0,0.0,39.6,,2021
574,Marcell Ateman,LVR,WR,27,1,0,0,0,0,0,0,0,0,,0,0,0,0,,0,0,0,0,,,0.0,0.0,0.0,0.0,,228,,,,,,,,,,,,,,,,,,,,,,,,,,,,,,,,,,,,,,,,,,,,,,,,,,,,,,,,,,,,,,,2021
575,Tutu Atwell,LAR,WR,22,8,0,0,0,0,0,0,0,0,,0,0,0,0,,0,1,0,0,,,0.0,0.0,0.0,0.0,,229,,,,,,,,,,,,,,,,,,,,,,,,,,,,,,,,,,,,,,,,,,,,,,,,,,,,,,,,,,,,,,,2021
576,Alex Bachman,NYG,WR,25,3,0,0,0,0,0,0,1,-3,-3.0,0,0,0,0,,0,0,0,0,,,0.0,-0.3,-0.3,-0.3,,269,,,,,,,,,,,,,,,,,,,,,,,,,,,,,,,,,,,,,,1.0,-3.0,0.0,-3.0,-3.0,0.0,0.0,0.0,,,,,,,,,,,,,,,,,,2021
577,Kawaan Baker,NOR,WR,23,2,0,0,0,0,0,0,0,0,,0,0,0,0,,0,0,0,0,,,0.0,0.0,0.0,0.0,,230,,,,,,,,,,,,,,,,,,,,,,,,,,,,,,,,,,,,,,,,,,,,,,,,,,,,,,,,,,,,,,,2021
578,Michael Bandy,LAC,WR,24,1,0,0,0,0,0,0,0,0,,0,0,0,0,,0,0,0,0,,,0.0,0.0,0.0,0.0,,231,,,,,,,,,,,,,,,,,,,,,,,,,,,,,,,,,,,,,,,,,,,,,,,,,,,,,,,,,,,,,,,2021
587,John Brown,3TM,WR,31,4,0,0,0,0,0,0,0,0,,0,3,0,0,,0,0,0,0,,,0.0,0.0,0.0,0.0,,232,,,,,,,,,,,,,,,,,,,,,,,,,,,,,,,,,,,,,,,,,,,,,,,3.0,0.0,0.0,0.0,0.0,,0.0,,31.0,0.0,,0.0,0.0,1.0,0.0,,2021
591,Deante Burton,DAL,WR,27,1,0,0,0,0,0,0,0,0,,0,0,0,0,,0,0,0,0,,,0.0,0.0,0.0,0.0,,233,,,,,,,,,,,,,,,,,,,,,,,,,,,,,,,,,,,,,,,,,,,,,,,,,,,,,,,,,,,,,,,2021
594,Jalen Camp,HOU,WR,23,3,1,0,0,0,0,0,0,0,,0,0,0,0,,0,0,0,0,,,0.0,0.0,0.0,0.0,,234,,,,,,,,,,,,,,,,,,,,,,,,,,,,,,,,,,,,,,,,,,,,,,,,,,,,,,,,,,,,,,,2021
596,Dan Chisena,MIN,WR,24,11,0,0,0,0,0,0,0,0,,0,0,0,0,,0,0,0,0,,,0.0,0.0,0.0,0.0,,235,,,,,,,,,,,,,,,,,,,,,,,,,,,,,,,,,,,,,,,,,,,,,,,,,,,,,,,,,,,,,,,2021
597,Tyrie Cleveland,DEN,WR,24,7,0,0,0,0,0,0,0,0,,0,1,0,0,,0,0,0,0,,,0.0,0.0,0.0,0.0,,236,,,,,,,,,,,,,,,,,,,,,,,,,,,,,,,,,,,,,,,,,,,,,,,1.0,0.0,0.0,0.0,0.0,,0.0,,5.0,0.0,,0.0,0.0,0.0,39.6,,2021
598,Matt Cole,CAR,WR,25,1,0,0,0,0,0,0,0,0,,0,0,0,0,,0,0,0,0,,,0.0,0.0,0.0,0.0,,237,,,,,,,,,,,,,,,,,,,,,,,,,,,,,,,,,,,,,,,,,,,,,,,,,,,,,,,,,,,,,,,2021
599,Jeff Cotton,JAX,WR,24,1,0,0,0,0,0,0,0,0,,0,0,0,0,,0,0,0,0,,,0.0,0.0,0.0,0.0,,238,,,,,,,,,,,,,,,,,,,,,,,,,,,,,,,,,,,,,,,,,,,,,,,,,,,,,,,,,,,,,,,2021
601,Isaiah Coulter,CHI,WR,23,3,0,0,0,0,0,0,0,0,,0,1,0,0,,0,0,0,0,,,0.0,0.0,0.0,0.0,,239,,,,,,,,,,,,,,,,,,,,,,,,,,,,,,,,,,,,,,,,,,,,,,,1.0,0.0,0.0,0.0,0.0,,0.0,,22.0,0.0,,0.0,0.0,0.0,39.6,,2021
602,River Cracraft,SFO,WR,27,6,0,0,0,0,0,0,0,0,,0,0,0,0,,0,0,0,0,,,0.0,0.0,0.0,0.0,,240,,,,,,,,,,,,,,,,,,,,,,,,,,,,,,,,,,,,,,,,,,,,,,,,,,,,,,,,,,,,,,,2021
610,Simi Fehoko,DAL,WR,24,5,0,0,0,0,0,0,0,0,,0,0,0,0,,0,0,0,0,,,0.0,0.0,0.0,0.0,,241,,,,,,,,,,,,,,,,,,,,,,,,,,,,,,,,,,,,,,,,,,,,,,,,,,,,,,,,,,,,,,,2021
611,Maurice Ffrench,LAC,WR,23,3,0,0,0,0,0,0,1,3,3.0,0,0,0,0,,0,0,0,0,,,0.0,0.3,0.3,0.3,,224,,,,,,,,,,,,,,,,,,,,,,,,,,,,,,,,,,,,,,1.0,3.0,0.0,3.0,3.0,0.0,0.0,0.0,,,,,,,,,,,,,,,,,,2021
613,Joe Fortunato,GNB,WR,27,1,0,0,0,0,0,0,0,0,,0,0,0,0,,0,0,0,0,,,0.0,0.0,0.0,0.0,,242,,,,,,,,,,,,,,,,,,,,,,,,,,,,,,,,,,,,,,,,,,,,,,,,,,,,,,,,,,,,,,,2021
614,Daurice Fountain,KAN,WR,26,2,0,0,0,0,0,0,0,0,,0,0,0,0,,0,0,0,0,,,0.0,0.0,0.0,0.0,,243,,,,,,,,,,,,,,,,,,,,,,,,,,,,,,,,,,,,,,,,,,,,,,,,,,,,,,,,,,,,,,,2021
616,Travis Fulgham,DEN,WR,26,1,0,0,0,0,0,0,0,0,,0,0,0,0,,0,0,0,0,,,0.0,0.0,0.0,0.0,,244,,,,,,,,,,,,,,,,,,,,,,,,,,,,,,,,,,,,,,,,,,,,,,,,,,,,,,,,,,,,,,,2021
617,Aaron Fuller,SEA,WR,24,1,0,0,0,0,0,0,0,0,,0,0,0,0,,0,0,0,0,,,0.0,0.0,0.0,0.0,,245,,,,,,,,,,,,,,,,,,,,,,,,,,,,,,,,,,,,,,,,,,,,,,,,,,,,,,,,,,,,,,,2021
618,Antonio Gandy-Golden,WAS,WR,23,4,0,0,0,0,0,0,0,0,,0,0,0,0,,0,0,0,0,,,0.0,0.0,0.0,0.0,,246,,,,,,,,,,,,,,,,,,,,,,,,,,,,,,,,,,,,,,,,,,,,,,,,,,,,,,,,,,,,,,,2021
621,Josh Hammond,JAX,WR,23,2,0,0,0,0,0,0,0,0,,0,0,0,0,,0,0,0,0,,,0.0,0.0,0.0,0.0,,247,,,,,,,,,,,,,,,,,,,,,,,,,,,,,,,,,,,,,,,,,,,,,,,,,,,,,,,,,,,,,,,2021
622,DeMichael Harris,IND,WR,23,2,0,0,0,0,0,0,0,0,,0,0,0,0,,0,0,0,0,,,0.0,0.0,0.0,0.0,,248,,,,,,,,,,,,,,,,,,,,,,,,,,,,,,,,,,,,,,,,,,,,,,,,,,,,,,,,,,,,,,,2021
626,John Hightower,PHI,WR,25,1,0,0,0,0,0,0,0,0,,0,0,0,0,,0,1,0,0,,,0.0,0.0,0.0,0.0,,249,,,,,,,,,,,,,,,,,,,,,,,,,,,,,,,,,,,,,,,,,,,,,,,,,,,,,,,,,,,,,,,2021
628,Isaiah Hodgins,BUF,WR,23,1,0,0,0,0,0,0,0,0,,0,0,0,0,,0,0,0,0,,,0.0,0.0,0.0,0.0,,250,,,,,,,,,,,,,,,,,,,,,,,,,,,,,,,,,,,,,,,,,,,,,,,,,,,,,,,,,,,,,,,2021
637,Mason Kinsey,TEN,WR,23,1,0,0,0,0,0,0,0,0,,0,0,0,0,,0,0,0,0,,,0.0,0.0,0.0,0.0,,251,,,,,,,,,,,,,,,,,,,,,,,,,,,,,,,,,,,,,,,,,,,,,,,,,,,,,,,,,,,,,,,2021
640,Jordan Matthews,SFO,WR,29,1,0,0,0,0,0,0,0,0,,0,0,0,0,,0,0,0,0,,,0.0,0.0,0.0,0.0,,252,,,,,,,,,,,,,,,,,,,,,,,,,,,,,,,,,,,,,,,,,,,,,,,,,,,,,,,,,,,,,,,2021
643,Myron Mitchell,MIN,WR,23,1,0,0,0,0,0,0,0,0,,0,0,0,0,,0,0,0,0,,,0.0,0.0,0.0,0.0,,253,,,,,,,,,,,,,,,,,,,,,,,,,,,,,,,,,,,,,,,,,,,,,,,,,,,,,,,,,,,,,,,2021
645,David Moore,2TM,WR,26,3,0,0,0,0,0,0,0,0,,0,2,0,0,,0,0,0,0,,,0.0,0.0,0.0,0.0,,254,,,,,,,,,,,,,,,,,,,,,,,,,,,,,,,,,,,,,,,,,,,,,,,2.0,0.0,0.0,0.0,0.0,,0.0,,14.0,0.0,,0.0,0.0,0.0,39.6,,2021
646,Jojo Natson,CLE,WR,27,3,0,0,0,0,0,0,0,0,,0,0,0,0,,0,0,0,0,,,0.0,0.0,0.0,0.0,,255,,,,,,,,,,,,,,,,,,,,,,,,,,,,,,,,,,,,,,,,,,,,,,,,,,,,,,,,,,,,,,,2021
648,Aaron Parker,CAR,WR,23,1,0,0,0,0,0,0,0,0,,0,0,0,0,,0,0,0,0,,,0.0,0.0,0.0,0.0,,256,,,,,,,,,,,,,,,,,,,,,,,,,,,,,,,,,,,,,,,,,,,,,,,,,,,,,,,,,,,,,,,2021
660,Steven Sims,PIT,WR,24,1,0,0,0,0,0,0,0,0,,0,0,0,0,,0,0,0,0,,,0.0,0.0,0.0,0.0,,257,,,,,,,,,,,,,,,,,,,,,,,,,,,,,,,,,,,,,,,,,,,,,,,,,,,,,,,,,,,,,,,2021
661,Matthew Slater,NWE,WR,36,17,0,0,0,0,0,0,0,0,,0,0,0,0,,0,0,0,0,,,0.0,0.0,0.0,0.0,,258,,,1.0,,,,,,,,,,,,,,,,,,,,,,,,,,,,,,,,,,,,,,,,,,,,,,,,,,,,,,,,,,,,2021
662,Devin Smith,JAX,WR,29,4,0,0,0,0,0,0,0,0,,0,1,0,0,,0,0,0,0,,,0.0,0.0,0.0,0.0,,259,,,,,,,,,,,,,,,,,,,,,,,,,,,,,,,,,,,,,,,,,,,,,,,1.0,0.0,0.0,0.0,0.0,,0.0,,19.0,0.0,,0.0,0.0,1.0,0.0,,2021
664,Vyncint Smith,NYJ,WR,25,2,0,0,0,0,0,0,0,0,,0,1,0,0,,0,0,0,0,,,0.0,0.0,0.0,0.0,,260,,,,,,,,,,,,,,,,,,,,,,,,,,,,,,,,,,,,,,,,,,,,,,,1.0,0.0,0.0,0.0,0.0,,0.0,,18.0,0.0,,0.0,0.0,0.0,39.6,,2021
665,Marquez Stevenson,BUF,WR,23,5,0,0,0,0,0,0,0,0,,0,0,0,0,,0,2,0,0,,,0.0,0.0,0.0,0.0,,261,,,,,,,,,,,,,,,,,,,,,,,,,,,,,,,,,,,,,,,,,,,,,,,,,,,,,,,,,,,,,,,2021
666,Dillon Stoner,LVR,WR,23,6,0,0,0,0,0,0,0,0,,0,0,0,0,,0,0,0,0,,,0.0,0.0,0.0,0.0,,262,,,,,,,,,,,,,,,,,,,,,,,,,,,,,,,,,,,,,,,,,,,,,,,,,,,,,,,,,,,,,,,2021
669,Cody Thompson,SEA,WR,25,5,0,0,0,0,0,0,0,0,,0,0,0,0,,0,0,0,0,,,0.0,0.0,0.0,0.0,,263,,,,,,,,,,,,,,,,,,,,,,,,,,,,,,,,,,,,,,,,,,,,,,,,,,,,,,,,,,,,,,,2021
671,Austin Trammell,ATL,WR,23,2,0,0,0,0,0,0,0,0,,0,0,0,0,,0,0,0,0,,,0.0,0.0,0.0,0.0,,264,,,,,,,,,,,,,,,,,,,,,,,,,,,,,,,,,,,,,,,,,,,,,,,,,,,,,,,,,,,,,,,2021
672,Jordan Veasy,HOU,WR,26,2,0,0,0,0,0,0,0,0,,0,0,0,0,,0,0,0,0,,,0.0,0.0,0.0,0.0,,265,,,,,,,,,,,,,,,,,,,,,,,,,,,,,,,,,,,,,,,,,,,,,,,,,,,,,,,,,,,,,,,2021
674,Justin Watson,TAM,WR,25,1,0,0,0,0,0,0,0,0,,0,0,0,0,,0,0,0,0,,,0.0,0.0,0.0,0.0,,266,,,,,,,,,,,,,,,,,,,,,,,,,,,,,,,,,,,,,,,,,,,,,,,,,,,,,,,,,,,,,,,2021
676,Nsimba Webster,CHI,WR,25,6,0,0,0,0,0,0,0,0,,0,0,0,0,,0,1,0,0,,,0.0,0.0,0.0,0.0,,267,,,,,,,,,,,,,,,,,,,,,,,,,,,,,,,,,,,,,,,,,,,,,,,,,,,,,,,,,,,,,,,2021
680,Pooka Williams,CIN,WR,22,1,0,0,0,0,0,0,0,0,,0,0,0,0,,0,0,0,0,,,0.0,0.0,0.0,0.0,,268,,,,,,,,,,,,,,,,,,,,,,,,,,,,,,,,,,,,,,,,,,,,,,,,,,,,,,,,,,,,,,,2021
686,Racey McMath,TEN,WR,22,9,0,0,0,0,0,0,0,0,,0,6,2,8,4.0,0,1,1,0,,,-1.0,0.8,1.8,-0.2,,271,,,,,,,,,,,,,,,,,,,,,,,,,,,,,,,,,,,,,,,,,,,,,,,6.0,2.0,8.0,0.0,-1.0,-0.5,9.0,4.5,11.2,0.0,,0.0,0.0,0.0,42.4,,2021
687,Malik Taylor,GNB,WR,26,10,0,0,0,0,0,0,0,0,,0,3,2,14,7.0,0,1,1,0,,,-1.0,1.4,2.4,0.4,,270,,,,,,,,,,,,,,,,,,,,,,,,,,,,,,,,,,,,,,,,,,,,,,,3.0,2.0,14.0,1.0,6.0,3.0,8.0,4.0,10.0,0.0,,0.0,0.0,0.0,77.1,,2021
689,Travis Benjamin,SFO,WR,32,10,0,0,0,0,0,0,0,0,,0,5,0,0,,0,1,1,0,,,-2.0,-2.0,-1.0,-2.0,,272,,,,,,,,,,,,,,,,,,,,,,,,,,,,,,,,,,,,,,,,,,,,,,,5.0,0.0,0.0,0.0,0.0,,0.0,,28.2,0.0,,0.0,0.0,2.0,0.0,,2021
691,J.J. Koski,LAR,WR,25,5,0,0,0,0,0,0,0,0,,0,0,0,0,,0,1,1,0,,,-2.0,-2.0,-1.0,-2.0,,273,,,,,,,,,,,,,,,,,,,,,,,,,,,,,,,,,,,,,,,,,,,,,,,,,,,,,,,,,,,,,,,2021
694,Diontae Spencer,DEN,WR,29,15,0,0,0,0,0,0,0,0,,0,4,1,-3,-3.0,0,2,2,0,,,-4.0,-3.3,-1.3,-3.8,,274,,,,,,,,,,,,,,,,,,,,,,,,,,,,,,,,,,,,,,,,,,,,,,,4.0,1.0,-3.0,0.0,-3.0,-3.0,0.0,0.0,2.3,0.0,,0.0,0.0,0.0,39.6,,2021
